mid,publish_time,user_name,user_link,content,weibo_link,forward_num,comment_num,like_num
4755721147387289,2022-04-07 20:49:01,北斗星空张杰歌迷会,https://weibo.com/u/1649200551,#张杰[超话]#传承榜样力量，守护音乐梦想，坚持初心，「益」起前行，助力更多有音乐梦想的孩子[心],https://weibo.com/1649200551/LnnyOuZLP,145,38,342
4755720194493506,2022-04-07 20:45:14,微公益,https://weibo.com/u/2089358175,#看见公益# @北斗星空爱心基金 将会接过邓小岚老人的榜样接力棒，让更多孩子有机会像马兰花合唱团一样，站在世界舞台，对话日月星辰。#星光公益力# ,https://weibo.com/2089358175/LnnxhiQXU,61,6,33
4756126879450969,2022-04-08 23:41:14,杰个样子2062,https://weibo.com/u/7733264853,//@北斗星空张杰歌迷会:#张杰[超话]#传承榜样力量，守护音乐梦想，坚持初心，「益」起前行，助力更多有音乐梦想的孩子[心],https://weibo.com/7733264853/Lny7dDECZ,0,0,0
4756075360028670,2022-04-08 20:16:31,star-霞,https://weibo.com/u/2486219773,和张杰益起来//@北斗星空爱心基金:这是爱的传递，也是共同的心之所向。接过榜样接力棒，我们一直在路上！//@微公益:#看见公益# @北斗星空爱心基金 将会接过邓小岚老人的榜样接力棒，让更多孩子有机会像马兰花合唱团一样，站在世界舞台，对话日月星辰。#星光公益力# ,https://weibo.com/2486219773/LnwM807sq,0,0,0
4756071287886583,2022-04-08 20:00:21,luckyforstar,https://weibo.com/u/2583414500,转发微博,https://weibo.com/2583414500/LnwFyx5EX,0,0,0
4756068683226629,2022-04-08 19:50:00,林啊叮当,https://weibo.com/u/5344581205,[心]//@很新的馄饨:[心]//@吖森森-:[心]//@北斗星空爱心基金:这是爱的传递，也是共同的心之所向。接过榜样接力棒，我们一直在路上！//@微公益:#看见公益# @北斗星空爱心基金 将会接过邓小岚老人的榜样接力棒，让更多孩子有机会像马兰花合唱团一样，站在世界舞台，对话日月星辰。#星光公益力#,https://weibo.com/5344581205/LnwBmdxop,0,0,0
4756042188327399,2022-04-08 18:04:43,你起的叫星星吖,https://weibo.com/u/5369639133,和@张杰 益起来[心],https://weibo.com/5369639133/LnvUCyWkT,0,0,0
4755994515344041,2022-04-08 14:55:17,星碎BitterS,https://weibo.com/u/6310497764,接过接力棒，传递爱和温暖[抱一抱]//@北斗星空爱心基金:这是爱的传递，也是共同的心之所向。接过榜样接力棒，我们一直在路上！//@微公益:#看见公益# @北斗星空爱心基金 将会接过邓小岚老人的榜样接力棒，让更多孩子有机会像马兰花合唱团一样，站在世界舞台，对话日月星辰。#星光公益力# ,https://weibo.com/6310497764/LnuFJmqed,0,0,0
4755986314691742,2022-04-08 14:22:41,-云莫问-,https://weibo.com/u/1728190281,#张杰# 传承榜样力量，守护音乐梦想！,https://weibo.com/1728190281/LnusvjGxg,0,0,0
4755985002663219,2022-04-08 14:17:29,微醺烟梅,https://weibo.com/u/5275348913,//@北斗星空张杰歌迷会:#张杰[超话]#传承榜样力量，守护音乐梦想，坚持初心，「益」起前行，助力更多有音乐梦想的孩子[心],https://weibo.com/5275348913/LnuqobaP9,0,0,0
4755975635997259,2022-04-08 13:40:16,任嘉星的牛奶糖,https://weibo.com/u/6309267461,转发微博,https://weibo.com/6309267461/Lnubhpa9Z,0,0,0
4755970217219954,2022-04-08 13:18:44,ZJ的小宝贝呀,https://weibo.com/u/1612779500,榜样的力量#和张杰益起来# ,https://weibo.com/1612779500/Lnu2xuieS,0,0,1
4755969579681065,2022-04-08 13:16:11,爱的海洋888666,https://weibo.com/u/6304059995,//@微公益:#看见公益# @北斗星空爱心基金 将会接过邓小岚老人的榜样接力棒，让更多孩子有机会像马兰花合唱团一样，站在世界舞台，对话日月星辰。#星光公益力#,https://weibo.com/6304059995/Lnu1vECud,0,0,0
4755969516771696,2022-04-08 13:15:57,咕咕爱吃柚,https://weibo.com/u/2886649653,一起传递爱[心]//@北斗星空爱心基金:这是爱的传递，也是共同的心之所向。接过榜样接力棒，我们一直在路上！//@微公益:#看见公益# @北斗星空爱心基金 将会接过邓小岚老人的榜样接力棒，让更多孩子有机会像马兰花合唱团一样，站在世界舞台，对话日月星辰。#星光公益力#,https://weibo.com/2886649653/Lnu1pspCU,0,0,0
4755968746065792,2022-04-08 13:12:53,姜幸会zjY,https://weibo.com/u/5798436698,和张杰一起“益”起来,https://weibo.com/5798436698/Lnu0aprZm,0,0,0
4755963154008989,2022-04-08 12:50:40,北斗星空-黑龙江,https://weibo.com/u/1833246570,我们一直在传递爱//@北斗星空爱心基金:这是爱的传递，也是共同的心之所向。接过榜样接力棒，我们一直在路上！//@微公益:#看见公益# @北斗星空爱心基金 将会接过邓小岚老人的榜样接力棒，让更多孩子有机会像马兰花合唱团一样，站在世界舞台，对话日月星辰。#星光公益力# ,https://weibo.com/1833246570/LntR9gOV7,0,0,3
4755959962144265,2022-04-08 12:37:59,手机用户凌志,https://weibo.com/u/1801543175,#心灵环保[超话]#//@中原-老张:[心][心]//@微公益:#看见公益# @北斗星空爱心基金 将会接过邓小岚老人的榜样接力棒，让更多孩子有机会像马兰花合唱团一样，站在世界舞台，对话日月星辰。#星光公益力# ,https://weibo.com/1801543175/LntM08ZOV,0,0,0
4755957055230463,2022-04-08 12:26:26,我也是北斗星空的一个星星,https://weibo.com/u/2011098283,//@北斗星空张杰歌迷会:#张杰[超话]#传承榜样力量，守护音乐梦想，坚持初心，「益」起前行，助力更多有音乐梦想的孩子[心],https://weibo.com/2011098283/LntHjlWGj,0,0,0
4755955428099834,2022-04-08 12:19:57,泪腺战士bibibo,https://weibo.com/u/7054355840,[抱一抱][抱一抱][抱一抱]//@北斗星空张杰歌迷会:#张杰[超话]#传承榜样力量，守护音乐梦想，坚持初心，「益」起前行，助力更多有音乐梦想的孩子[心],https://weibo.com/7054355840/LntEGxZ8u,0,0,0
4755955340282583,2022-04-08 12:19:37,泪腺战士bibibo,https://weibo.com/u/7054355840,和张杰益起来[赢牛奶],https://weibo.com/7054355840/LntEy1bvN,0,0,0
4755953360309454,2022-04-08 12:11:45,米木寧K,https://weibo.com/u/7136837597,[爱你]//@微公益:#看见公益# @北斗星空爱心基金 将会接过邓小岚老人的榜样接力棒，让更多孩子有机会像马兰花合唱团一样，站在世界舞台，对话日月星辰。#星光公益力#,https://weibo.com/7136837597/LntBm1ivc,0,0,0
4755950353252774,2022-04-08 11:59:47,周林夕star,https://weibo.com/u/5506844199,[心]//@北斗星空张杰歌迷会:#张杰[超话]#传承榜样力量，守护音乐梦想，坚持初心，「益」起前行，助力更多有音乐梦想的孩子[心],https://weibo.com/5506844199/LntwvdEc6,0,0,0
4755949979960252,2022-04-08 11:58:18,挠你的猫猫,https://weibo.com/u/7236008220,[心][心]//@微公益:#看见公益# @北斗星空爱心基金 将会接过邓小岚老人的榜样接力棒，让更多孩子有机会像马兰花合唱团一样，站在世界舞台，对话日月星辰。#星光公益力#,https://weibo.com/7236008220/LntvTFN7e,0,0,0
4755948016763345,2022-04-08 11:50:30,游魂320,https://weibo.com/u/1273326174,[鼓掌]//@春风再美:[good]//@蓝色MAC:太棒了👏👏👏🌟,https://weibo.com/1273326174/LntsJsnsd,0,0,0
4755946653878738,2022-04-08 11:45:06,ZJ的宝贝耳返,https://weibo.com/u/6289443409,#和张杰益起来# //@北斗星空张杰歌迷会:#张杰[超话]#传承榜样力量，守护音乐梦想，坚持初心，「益」起前行，助力更多有音乐梦想的孩子[心],https://weibo.com/6289443409/Lntqxgh2i,0,0,0
4755941926636831,2022-04-08 11:26:19,妙手93068,https://weibo.com/u/5851771066,转//@懂得但无言·://@北斗星空张杰歌迷会:#张杰[超话]#传承榜样力量，守护音乐梦想，坚持初心，「益」起前行，助力更多有音乐梦想的孩子[心],https://weibo.com/5851771066/LntiUrQxF,0,0,0
4755939879817733,2022-04-08 11:18:11,我只是只毛菇小象呀_,https://weibo.com/u/2873163703,和@张杰 #益起#//@北斗星空爱心基金:这是爱的传递，也是共同的心之所向。接过榜样接力棒，我们一直在路上！//@微公益:#看见公益# @北斗星空爱心基金 将会接过邓小岚老人的榜样接力棒，让更多孩子有机会像马兰花合唱团一样，站在世界舞台，对话日月星辰。#星光公益力# ,https://weibo.com/2873163703/LntfBFc2x,0,0,0
4755939129036902,2022-04-08 11:15:12,林夕在找一个人,https://weibo.com/u/1862657111,//@北斗星空爱心基金:这是爱的传递，也是共同的心之所向。接过榜样接力棒，我们一直在路上！//@微公益:#看见公益# @北斗星空爱心基金 将会接过邓小岚老人的榜样接力棒，让更多孩子有机会像马兰花合唱团一样，站在世界舞台，对话日月星辰。#星光公益力#,https://weibo.com/1862657111/LnteoBUUu,0,0,0
4755938668710822,2022-04-08 11:13:22,kongyan1122,https://weibo.com/u/1005877984,[good][good][good],https://weibo.com/1005877984/LntdEAy58,0,0,0
4755937695106970,2022-04-08 11:09:29,只剩10条评论的日子,https://weibo.com/u/6243523934,[心][good]//@北斗星空爱心基金:这是爱的传递，也是共同的心之所向。接过榜样接力棒，我们一直在路上！//@微公益:#看见公益# @北斗星空爱心基金 将会接过邓小岚老人的榜样接力棒，让更多孩子有机会像马兰花合唱团一样，站在世界舞台，对话日月星辰。#星光公益力# ,https://weibo.com/6243523934/Lntc5lqyu,0,0,0
4755936743525022,2022-04-08 11:05:43,北斗星怀淰过厾82746,https://weibo.com/u/7489781745,传递音乐梦想，和@张杰 一起助力更多有音乐梦想的孩子们,https://weibo.com/7489781745/LntayeN1c,0,0,0
4755935632035031,2022-04-08 11:01:18,邱雅妍Ken,https://weibo.com/u/6231817002,[虎爪比心]//@温暖的北斗星:和@北斗星空爱心基金 @张杰 一起为所有爱音乐的孩子们都有翅膀可站！@新浪公益,https://weibo.com/6231817002/Lnt8L8xp5,0,0,0
4755931193412533,2022-04-08 10:43:39,温暖的北斗星,https://weibo.com/u/6519102851,和@北斗星空爱心基金 @张杰 一起为所有爱音乐的孩子们都有翅膀可站！@新浪公益 ,https://weibo.com/6519102851/Lnt1BejKR,1,0,0
4755931017511867,2022-04-08 10:42:57,jrry86,https://weibo.com/u/1886394372,//@微公益:#看见公益# @北斗星空爱心基金 将会接过邓小岚老人的榜样接力棒，让更多孩子有机会像马兰花合唱团一样，站在世界舞台，对话日月星辰。#星光公益力#,https://weibo.com/1886394372/Lnt1jvwb9,0,0,1
4755926487668030,2022-04-08 10:24:58,墨姌星空,https://weibo.com/u/5892616655,和@张杰“益”起来 //@北斗星空张杰歌迷会:#张杰[超话]#传承榜样力量，守护音乐梦想，坚持初心，「益」起前行，助力更多有音乐梦想的孩子[心],https://weibo.com/5892616655/LnsU0waNU,0,0,0
4755926286338299,2022-04-08 10:24:10,因为爱就是爱80,https://weibo.com/u/3861473247,//@北斗星空张杰歌迷会:#张杰[超话]#传承榜样力量，守护音乐梦想，坚持初心，「益」起前行，助力更多有音乐梦想的孩子[心],https://weibo.com/3861473247/LnsTGqASD,0,0,0
4755925845938219,2022-04-08 10:22:25,中南大学BBS,https://weibo.com/u/2751476414,//@微博音乐:一起支持乡村孩子们的音乐梦想[心],https://weibo.com/2751476414/LnsSYoUNJ,0,0,0
4755918573800569,2022-04-08 09:53:31,守护俏跳小咘芽和杰娜,https://weibo.com/u/5096298047,传递音乐梦想，梦想的翅膀在远方 和@张杰 助力为有音乐梦想的孩子去飞翔,https://weibo.com/5096298047/LnsHffWHv,0,0,0
4755917297685406,2022-04-08 09:48:27,Ms-DongD,https://weibo.com/u/3259810735,//@中原-老张:[心][心]//@微公益:#看见公益# @北斗星空爱心基金 将会接过邓小岚老人的榜样接力棒，让更多孩子有机会像马兰花合唱团一样，站在世界舞台，对话日月星辰。#星光公益力#,https://weibo.com/3259810735/LnsFbwfka,0,0,0
4755916894766064,2022-04-08 09:46:51,东耳半月,https://weibo.com/u/7711243222,//@北斗星空-浙江:#张杰[超话]# 用心 用爱 用音乐传递力量[心]//@北斗星空张杰歌迷会:#张杰[超话]#传承榜样力量，守护音乐梦想，坚持初心，「益」起前行，助力更多有音乐梦想的孩子[心],https://weibo.com/7711243222/LnsExjZS0,0,0,0
4755916836048329,2022-04-08 09:46:37,Jason恒星糖糖,https://weibo.com/u/5945271181,//@北斗星空张杰歌迷会:#张杰[超话]#传承榜样力量，守护音乐梦想，坚持初心，「益」起前行，助力更多有音乐梦想的孩子[心],https://weibo.com/5945271181/LnsErpnrH,0,0,0
4755913947218825,2022-04-08 09:35:07,张先生今天想我了嘛,https://weibo.com/u/6993015650,和张杰一起益起来[送花花],https://weibo.com/6993015650/LnszMuhWF,0,0,0
4755907403058465,2022-04-08 09:09:08,君正傲,https://weibo.com/u/2170723994,快转微博,https://weibo.com/2170723994/LnspecPE5,0,0,0
4755900185708453,2022-04-08 08:40:27,是深蓝色星海里的丰丰吖,https://weibo.com/u/5599378154,和张杰一起前行//@北斗星空张杰歌迷会:#张杰[超话]#传承榜样力量，守护音乐梦想，坚持初心，「益」起前行，助力更多有音乐梦想的孩子[心],https://weibo.com/5599378154/LnsdAnX1P,0,0,0
4755895541828843,2022-04-08 08:21:59,YY-------Angel,https://weibo.com/u/7543667724,//@中原-老张:[心][心]//@微公益:#看见公益# @北斗星空爱心基金 将会接过邓小岚老人的榜样接力棒，让更多孩子有机会像马兰花合唱团一样，站在世界舞台，对话日月星辰。#星光公益力# @凯雷 ,https://weibo.com/7543667724/Lns667FLt,0,0,0
4755894631400461,2022-04-08 08:18:22,邓天爱,https://weibo.com/u/6169826222,[心],https://weibo.com/6169826222/Lns4D5Sk5,0,0,0
4755892702285741,2022-04-08 08:10:43,土圭垚坤,https://weibo.com/u/7565279659,//@中原-老张:[心][心]//@微公益:#看见公益# @北斗星空爱心基金 将会接过邓小岚老人的榜样接力棒，让更多孩子有机会像马兰花合唱团一样，站在世界舞台，对话日月星辰。#星光公益力#,https://weibo.com/7565279659/Lns1w9ACN,0,0,0
4755892149422916,2022-04-08 08:08:31,杰哥的曾塔拉,https://weibo.com/u/3925443772,和@张杰 一起传递正能量，传递爱//@北斗星空爱心基金:这是爱的传递，也是共同的心之所向。接过榜样接力棒，我们一直在路上！//@微公益:#看见公益# @北斗星空爱心基金 将会接过邓小岚老人的榜样接力棒，让更多孩子有机会像马兰花合唱团一样，站在世界舞台，对话日月星辰。#星光公益力# ,https://weibo.com/3925443772/Lns0CDxkw,0,0,0
4755892119011958,2022-04-08 08:08:23,中原-老张,https://weibo.com/u/7509646499,[心][心]//@微公益:#看见公益# @北斗星空爱心基金 将会接过邓小岚老人的榜样接力棒，让更多孩子有机会像马兰花合唱团一样，站在世界舞台，对话日月星辰。#星光公益力# ,https://weibo.com/7509646499/Lns0zBOqa,5,22,19
4755890831885117,2022-04-08 08:03:16,香芋芒果奶团子,https://weibo.com/u/5658275125,让每个孩子的音乐梦想发光[抱一抱],https://weibo.com/5658275125/LnrYv7Up7,0,0,0
4755889637034004,2022-04-08 07:58:32,·芥末章鱼,https://weibo.com/u/6463852408,[开学季][开学季]//@北斗星空张杰歌迷会:#张杰[超话]#传承榜样力量，守护音乐梦想，坚持初心，「益」起前行，助力更多有音乐梦想的孩子[心],https://weibo.com/6463852408/LnrWztvRG,0,0,0
4755889439379001,2022-04-08 07:57:45,来份儿榴莲,https://weibo.com/u/5945664052,和张杰益起来[开学季],https://weibo.com/5945664052/LnrWfDlUd,0,0,0
4755889430466333,2022-04-08 07:57:43,冰云轻纱,https://weibo.com/u/6120637483,//@北斗星空张杰歌迷会:#张杰[超话]#传承榜样力量，守护音乐梦想，坚持初心，「益」起前行，助力更多有音乐梦想的孩子[心],https://weibo.com/6120637483/LnrWf1Xjv,0,0,0
4755889301751672,2022-04-08 07:57:12,北斗与我,https://weibo.com/u/1887545755,//@北斗星空张杰歌迷会:#张杰[超话]#传承榜样力量，守护音乐梦想，坚持初心，「益」起前行，助力更多有音乐梦想的孩子[心],https://weibo.com/1887545755/LnrW27lGM,0,0,0
4755889271080425,2022-04-08 07:57:05,北斗与我,https://weibo.com/u/1887545755,//@北斗星空爱心基金:这是爱的传递，也是共同的心之所向。接过榜样接力棒，我们一直在路上！//@微公益:#看见公益# @北斗星空爱心基金 将会接过邓小岚老人的榜样接力棒，让更多孩子有机会像马兰花合唱团一样，站在世界舞台，对话日月星辰。#星光公益力#,https://weibo.com/1887545755/LnrVZ4x4d,0,0,0
4755889254302582,2022-04-08 07:57:01,一萝筐星星呀,https://weibo.com/u/6753224111,//@北斗星空张杰歌迷会: #张杰[超话]#传承榜样力量，守护音乐梦想，坚持初心，「益」起前行，助力更多有音乐梦想的孩子[心],https://weibo.com/6753224111/LnrVXi3iu,0,0,0
4755888886252089,2022-04-08 07:55:32,采蘑菇的小姑娘1990,https://weibo.com/u/6063451441,//@北斗星空张杰歌迷会:#张杰[超话]#传承榜样力量，守护音乐梦想，坚持初心，「益」起前行，助力更多有音乐梦想的孩子[心],https://weibo.com/6063451441/LnrVmqes9,0,0,0
4755887414051569,2022-04-08 07:49:41,张总裁的小娇妻,https://weibo.com/u/1706167490,//@很新的馄饨:[心]//@吖森森-:[心]//@北斗星空爱心基金:这是爱的传递，也是共同的心之所向。接过榜样接力棒，我们一直在路上！//@微公益:#看见公益# @北斗星空爱心基金 将会接过邓小岚老人的榜样接力棒，让更多孩子有机会像马兰花合唱团一样，站在世界舞台，对话日月星辰。#星光公益力#,https://weibo.com/1706167490/LnrSZgZZT,0,0,0
4755885912493477,2022-04-08 07:43:44,星星喜欢肉骨茶,https://weibo.com/u/5826108181,[心][心]//@北斗星空张杰歌迷会:#张杰[超话]#传承榜样力量，守护音乐梦想，坚持初心，「益」起前行，助力更多有音乐梦想的孩子[心],https://weibo.com/5826108181/LnrQzasFn,0,0,0
4755884326258893,2022-04-08 07:37:26,杰拥晚星,https://weibo.com/u/7695532044,传承榜样力量[爱你],https://weibo.com/7695532044/LnrO0qgdT,0,0,0
4755884054416044,2022-04-08 07:36:21,皮皮菜_xc,https://weibo.com/u/5311629671,转发微博,https://weibo.com/5311629671/LnrNziwOw,0,0,0
4755883722016735,2022-04-08 07:35:02,是旁观者吖,https://weibo.com/u/5486417999,#张杰[超话]##和张杰益起来# [心]//@北斗星空张杰歌迷会:#张杰[超话]#传承榜样力量，守护音乐梦想，坚持初心，「益」起前行，助力更多有音乐梦想的孩子[心],https://weibo.com/5486417999/LnrN28sDZ,0,0,0
4755883558437561,2022-04-08 07:34:23,张杰的私人医生,https://weibo.com/u/1806862185,和张杰益起来,https://weibo.com/1806862185/LnrMLzoZH,0,0,0
4755881558803010,2022-04-08 07:26:26,很新的馄饨,https://weibo.com/u/5890398306,[心]//@吖森森-:[心]//@北斗星空爱心基金:这是爱的传递，也是共同的心之所向。接过榜样接力棒，我们一直在路上！//@微公益:#看见公益# @北斗星空爱心基金 将会接过邓小岚老人的榜样接力棒，让更多孩子有机会像马兰花合唱团一样，站在世界舞台，对话日月星辰。#星光公益力#,https://weibo.com/5890398306/LnrJxAW42,2,0,1
4755879524828820,2022-04-08 07:18:21,Ai国Zhe捣蛋,https://weibo.com/u/6963387369,//@微公益:#看见公益# @北斗星空爱心基金 将会接过邓小岚老人的榜样接力棒，让更多孩子有机会像马兰花合唱团一样，站在世界舞台，对话日月星辰。#星光公益力#,https://weibo.com/6963387369/LnrGgkgcc,0,0,0
4755879209732035,2022-04-08 07:17:06,我想-我在这,https://weibo.com/u/3035099591,[心],https://weibo.com/3035099591/LnrFKEPKj,0,0,0
4755876382245130,2022-04-08 07:05:51,星星就爱那抹蓝,https://weibo.com/u/3502456677,[赞]//@北斗星空张杰歌迷会:#张杰[超话]#传承榜样力量，守护音乐梦想，坚持初心，「益」起前行，助力更多有音乐梦想的孩子[心],https://weibo.com/3502456677/LnrBc9q3M,0,0,0
4755873782563968,2022-04-08 06:55:32,颖影心中,https://weibo.com/u/6283713303,转发微博,https://weibo.com/6283713303/Lnrx0aL0k,0,0,0
4755871639012029,2022-04-08 06:47:01,道同森逸,https://weibo.com/u/6000523512,快转微博,https://weibo.com/6000523512/LnrtxBOrj,0,0,0
4755871366119903,2022-04-08 06:45:56,乐天飞花,https://weibo.com/u/1837763865,[心],https://weibo.com/1837763865/Lnrt6pG47,0,0,0
4755870681925876,2022-04-08 06:43:13,星辰大海_星星,https://weibo.com/u/2389212260,[心][心]//@北斗星空爱心基金:这是爱的传递，也是共同的心之所向。接过榜样接力棒，我们一直在路上！//@微公益:#看见公益# @北斗星空爱心基金 将会接过邓小岚老人的榜样接力棒，让更多孩子有机会像马兰花合唱团一样，站在世界舞台，对话日月星辰。#星光公益力# ,https://weibo.com/2389212260/Lnrs0850w,0,0,0
4755865934235205,2022-04-08 06:24:21,ZJ璀璨星空_慧慧,https://weibo.com/u/1889260003,[赞],https://weibo.com/1889260003/LnrklhLLL,0,0,0
4755865464734420,2022-04-08 06:22:29,蓝色星空永陪杰杰,https://weibo.com/u/6498101343,转发微博,https://weibo.com/6498101343/LnrjAjRDC,0,0,2
4755864215093250,2022-04-08 06:17:30,春风再美,https://weibo.com/u/1650245693,[good]//@蓝色MAC:太棒了👏👏👏🌟,https://weibo.com/1650245693/LnrhzlmZc,1,1,3
4755862868983876,2022-04-08 06:12:09,Lyih星空下的信仰,https://weibo.com/u/2294465617,[中国赞],https://weibo.com/2294465617/LnrfoBH7e,0,0,0
4755858598396656,2022-04-08 05:55:12,星星是质数,https://weibo.com/u/1764963607,转发微博,https://weibo.com/1764963607/Lnr8vzelW,0,0,0
4755855549923516,2022-04-08 05:43:05,能遇见zj就是缘_,https://weibo.com/u/5564356315,//@北斗星空张杰歌迷会:#张杰[超话]#传承榜样力量，守护音乐梦想，坚持初心，「益」起前行，助力更多有音乐梦想的孩子[心],https://weibo.com/5564356315/Lnr3AFDyI,0,0,1
4755847463567688,2022-04-08 05:10:57,秋腾德勒,https://weibo.com/u/2098475785,//@中国人口福利基金会:#看见公益# 感谢音乐的连接和传递，让更多孩子有机会像马兰花合唱团一样，站在世界舞台，对话日月星辰。[中国赞]#星光公益力#,https://weibo.com/2098475785/LnqQyeY7m,0,0,0
4755847446790302,2022-04-08 05:10:53,秋腾德勒,https://weibo.com/u/2098475785,回复@中国人口福利基金会:加油//@中国人口福利基金会:#看见公益# 感谢音乐的连接和传递，让更多孩子有机会像马兰花合唱团一样，站在世界舞台，对话日月星辰。[中国赞]#星光公益力#,https://weibo.com/2098475785/LnqQwsut0,0,0,0
4755847387021677,2022-04-08 05:10:39,秋腾德勒,https://weibo.com/u/2098475785,//@北斗星空张杰歌迷会:#张杰[超话]#传承榜样力量，守护音乐梦想，坚持初心，「益」起前行，助力更多有音乐梦想的孩子[心],https://weibo.com/2098475785/LnqQqtsER,0,0,0
4755847252541576,2022-04-08 05:10:07,秋腾德勒,https://weibo.com/u/2098475785,转发微博,https://weibo.com/2098475785/LnqQdaFba,0,0,0
4755847236288930,2022-04-08 05:10:03,秋腾德勒,https://weibo.com/u/2098475785,支持,https://weibo.com/2098475785/LnqQbqo2m,0,0,0
4755811584180497,2022-04-08 02:48:23,小钰9527,https://weibo.com/u/6549255970,快转微博,https://weibo.com/6549255970/LnpUGhxxn,0,0,0
4755791259370887,2022-04-08 01:27:37,小手菠萝嘻嘻嘻,https://weibo.com/u/5194756271,//@北斗星空爱心基金:这是爱的传递，也是共同的心之所向。接过榜样接力棒，我们一直在路上！//@微公益:#看见公益# @北斗星空爱心基金 将会接过邓小岚老人的榜样接力棒，让更多孩子有机会像马兰花合唱团一样，站在世界舞台，对话日月星辰。#星光公益力#,https://weibo.com/5194756271/LnpnTDjNl,0,0,0
4755789514017332,2022-04-08 01:20:41,我有北斗指引,https://weibo.com/u/5198093530,[心]//@北斗星空爱心基金:这是爱的传递，也是共同的心之所向。接过榜样接力棒，我们一直在路上！//@微公益:#看见公益# @北斗星空爱心基金 将会接过邓小岚老人的榜样接力棒，让更多孩子有机会像马兰花合唱团一样，站在世界舞台，对话日月星辰。#星光公益力# ,https://weibo.com/5198093530/Lnpl5gR5G,0,0,0
4755782723437844,2022-04-08 00:53:42,你是我此生最闪亮的星,https://weibo.com/u/3086952461,#看见公益# 让音乐的星光洒满土地上每一个角落//@北斗星空张杰歌迷会:#张杰[超话]#传承榜样力量，守护音乐梦想，坚持初心，「益」起前行，助力更多有音乐梦想的孩子[心],https://weibo.com/3086952461/Lnpa8eql6,0,0,0
4755782404931685,2022-04-08 00:52:25,醉里孤念,https://weibo.com/u/6607204391,[抱一抱]//@北斗星空张杰歌迷会:#张杰[超话]#传承榜样力量，守护音乐梦想，坚持初心，「益」起前行，助力更多有音乐梦想的孩子[心],https://weibo.com/6607204391/Lnp9CkGXj,0,0,0
4755782354600515,2022-04-08 00:52:14,大脸猫布吃鱼,https://weibo.com/u/7669456630,//@北斗星空张杰歌迷会:#张杰[超话]#传承榜样力量，守护音乐梦想，坚持初心，「益」起前行，助力更多有音乐梦想的孩子[心],https://weibo.com/7669456630/Lnp9xjiNR,0,0,0
4755781747214260,2022-04-08 00:49:49,单军帝,https://weibo.com/u/7393899961,快转微博,https://weibo.com/7393899961/Lnp8yugL2,0,0,0
4755781406689054,2022-04-08 00:48:28,隐身灬守候星杰,https://weibo.com/u/5319546796,[心][心][心],https://weibo.com/5319546796/Lnp80s47Y,0,0,0
4755779234302246,2022-04-08 00:39:50,诶嘿一个小太阳,https://weibo.com/u/2811938333,//@北斗星空-浙江:#张杰[超话]# 用心 用爱 用音乐传递力量[心]//@北斗星空张杰歌迷会:#张杰[超话]#传承榜样力量，守护音乐梦想，坚持初心，「益」起前行，助力更多有音乐梦想的孩子[心],https://weibo.com/2811938333/Lnp4vi3d4,0,0,0
4755775605706257,2022-04-08 00:25:25,因他量身定做-,https://weibo.com/u/7495765099,#和张杰益起来# //@北斗星空爱心基金:这是爱的传递，也是共同的心之所向。接过榜样接力棒，我们一直在路上！//@微公益:#看见公益# @北斗星空爱心基金 将会接过邓小岚老人的榜样接力棒，让更多孩子有机会像马兰花合唱团一样，站在世界舞台，对话日月星辰。#星光公益力#,https://weibo.com/7495765099/LnoYEnWsp,0,0,0
4755774124855373,2022-04-08 00:19:32,星煜翎,https://weibo.com/u/2029448993,//@北斗星空爱心基金:这是爱的传递，也是共同的心之所向。接过榜样接力棒，我们一直在路上！//@微公益:#看见公益# @北斗星空爱心基金 将会接过邓小岚老人的榜样接力棒，让更多孩子有机会像马兰花合唱团一样，站在世界舞台，对话日月星辰。#星光公益力# ,https://weibo.com/2029448993/LnoWgkn6t,0,0,0
4755772648981759,2022-04-08 00:13:39,野火萬里,https://weibo.com/u/7313715566,//@微公益:#看见公益# @北斗星空爱心基金 将会接过邓小岚老人的榜样接力棒，让更多孩子有机会像马兰花合唱团一样，站在世界舞台，对话日月星辰。#星光公益力#,https://weibo.com/7313715566/LnoTSBGz5,0,0,0
4755772205170848,2022-04-08 00:11:53,温柔也糖,https://weibo.com/u/6289637346,[心]//@北斗星空张杰歌迷会:#张杰[超话]#传承榜样力量，守护音乐梦想，坚持初心，「益」起前行，助力更多有音乐梦想的孩子[心],https://weibo.com/6289637346/LnoTalHaM,0,0,0
4755771327778634,2022-04-08 00:08:25,杰娜F跳俏的3A87,https://weibo.com/u/5886622736,一直在路上！//@北斗星空爱心基金:这是爱的传递，也是共同的心之所向。接过榜样接力棒，我们一直在路上！//@微公益:#看见公益# @北斗星空爱心基金 将会接过邓小岚老人的榜样接力棒，让更多孩子有机会像马兰花合唱团一样，站在世界舞台，对话日月星辰。#星光公益力# ,https://weibo.com/5886622736/LnoRKwDzQ,0,0,1
4755771013205083,2022-04-08 00:07:10,lucky奇55,https://weibo.com/u/5986432008,转发微博,https://weibo.com/5986432008/LnoRfdrMT,0,0,0
4755770417352268,2022-04-08 00:04:48,每日一求余生删减内容放出,https://weibo.com/u/2697847131,#跟张杰益起来# //@北斗星空爱心基金:这是爱的传递，也是共同的心之所向。接过榜样接力棒，我们一直在路上！//@微公益:#看见公益# @北斗星空爱心基金 将会接过邓小岚老人的榜样接力棒，让更多孩子有机会像马兰花合唱团一样，站在世界舞台，对话日月星辰。#星光公益力# ,https://weibo.com/2697847131/LnoQhuQEY,0,0,1
4755768303158724,2022-04-07 23:56:23,JZstar·粒子,https://weibo.com/u/1850280730,[心][心][心]//@北斗星空张杰歌迷会:#张杰[超话]#传承榜样力量，守护音乐梦想，坚持初心，「益」起前行，助力更多有音乐梦想的孩子[心],https://weibo.com/1850280730/LnoMSdfJa,0,0,0
4755767385133630,2022-04-07 23:52:45,南星SSS,https://weibo.com/u/1836584280,//@北斗星空张杰歌迷会:#张杰[超话]#传承榜样力量，守护音乐梦想，坚持初心，「益」起前行，助力更多有音乐梦想的孩子[心],https://weibo.com/1836584280/LnoLolxuu,0,0,0
4755767192191404,2022-04-07 23:51:58,去见笨小熊啦,https://weibo.com/u/7279579833,#熊猫守护者#,https://weibo.com/7279579833/LnoL59c5e,0,0,0
4755767033069935,2022-04-07 23:51:20,小小幸运叭,https://weibo.com/u/2482869632,[心][心][心],https://weibo.com/2482869632/LnoKPcSD5,0,0,0
4755766558852606,2022-04-07 23:49:27,星星爱小杰小娜,https://weibo.com/u/1681120053,[心][心][心],https://weibo.com/1681120053/LnoK3B8XY,0,0,0
4755763828888138,2022-04-07 23:38:37,俏俏也是有脾气的,https://weibo.com/u/5995631489,//@北斗星空张杰歌迷会：#张杰[超话]#传承榜样力量，守护音乐梦想，坚持初心，「益」起前行，助力更多有音乐梦想的孩子[心],https://weibo.com/5995631489/LnoFEBid4,0,0,0
4755763337365162,2022-04-07 23:36:39,PLANET_J沐雨之秋,https://weibo.com/u/5921557002,“让所有热爱音乐的小孩有肩膀可以站”[心]//@北斗星空张杰歌迷会:#张杰[超话]#传承榜样力量，守护音乐梦想，坚持初心，「益」起前行，助力更多有音乐梦想的孩子[心],https://weibo.com/5921557002/LnoERuU0W,0,0,0
4755763010732603,2022-04-07 23:35:21,最接近天堂的地方有秋天的童话,https://weibo.com/u/2569228542,接力守护音乐梦想[心]#张杰音乐梦想教室# //@北斗星空张杰歌迷会:#张杰[超话]#传承榜样力量，守护音乐梦想，坚持初心，「益」起前行，助力更多有音乐梦想的孩子[心],https://weibo.com/2569228542/LnoEl34Ab,0,0,0
4755761824272958,2022-04-07 23:30:39,蓝蝴蝶,https://weibo.com/u/1177389445,赞，爱心满满！[心]//@微博音乐:一起支持乡村孩子们的音乐梦想[心],https://weibo.com/1177389445/LnoCqhVAG,0,0,0
4755761563701595,2022-04-07 23:29:37,吖森森-,https://weibo.com/u/5333570699,[心]//@北斗星空爱心基金:这是爱的传递，也是共同的心之所向。接过榜样接力棒，我们一直在路上！//@微公益:#看见公益# @北斗星空爱心基金 将会接过邓小岚老人的榜样接力棒，让更多孩子有机会像马兰花合唱团一样，站在世界舞台，对话日月星辰。#星光公益力#,https://weibo.com/5333570699/LnoC0fwX9,3,0,0
4755761064314831,2022-04-07 23:27:37,宝贝烨子520,https://weibo.com/u/1827790795,#张杰[超话]#传承榜样力量[心]益路同行//@北斗星空张杰歌迷会:#张杰[超话]#传承榜样力量，守护音乐梦想，坚持初心，「益」起前行，助力更多有音乐梦想的孩子[心],https://weibo.com/1827790795/LnoBci6u3,0,0,0
4755760732703185,2022-04-07 23:26:19,Mr大迪阿,https://weibo.com/u/1896194287,[心][心],https://weibo.com/1896194287/LnoAFbldL,0,0,0
4755759802619313,2022-04-07 23:22:37,时间的小远方,https://weibo.com/u/5123820538,转发微博,https://weibo.com/5123820538/LnozaaZoZ,0,0,1
4755759730004183,2022-04-07 23:22:20,3A87的LOVE_莉莉·,https://weibo.com/u/3109356244,#张杰[超话]#//@北斗星空张杰歌迷会:#张杰[超话]#传承榜样力量，守护音乐梦想，坚持初心，「益」起前行，助力更多有音乐梦想的孩子[心],https://weibo.com/3109356244/Lnoz3015t,0,0,1
4755759490928472,2022-04-07 23:21:23,Dear-杰,https://weibo.com/u/6272285324,[抱一抱]//@北斗星空张杰歌迷会:#张杰[超话]#传承榜样力量，守护音乐梦想，坚持初心，「益」起前行，助力更多有音乐梦想的孩子[心],https://weibo.com/6272285324/LnoyF3Txm,0,0,0
4755759155907874,2022-04-07 23:20:02,JasonJacy,https://weibo.com/u/6346463290,和张杰益起来[打call][打call][打call],https://weibo.com/6346463290/Lnoy7oMUi,0,0,0
4755758841070438,2022-04-07 23:18:47,亲亲宝贝青青wang,https://weibo.com/u/1789201025,#张杰[超话]#//@北斗星空爱心基金:这是爱的传递，也是共同的心之所向。接过榜样接力棒，我们一直在路上！//@微公益:#看见公益# @北斗星空爱心基金 将会接过邓小岚老人的榜样接力棒，让更多孩子有机会像马兰花合唱团一样，站在世界舞台，对话日月星辰。#星光公益力#,https://weibo.com/1789201025/LnoxC4ut8,0,0,0
4755758723368811,2022-04-07 23:18:20,五点二十月未圆,https://weibo.com/u/3984599077,[心][心][心],https://weibo.com/3984599077/Lnoxqe8nF,0,0,0
4755758689813501,2022-04-07 23:18:11,阿蔡可不是一颗花椰菜,https://weibo.com/u/6074132468,#跟张杰益起来# #张杰音乐梦想教室# //@北斗星空爱心基金:这是爱的传递，也是共同的心之所向。接过榜样接力棒，我们一直在路上！//@微公益:#看见公益# @北斗星空爱心基金 将会接过邓小岚老人的榜样接力棒，让更多孩子有机会像马兰花合唱团一样，站在世界舞台，对话日月星辰。#星光公益力# ,https://weibo.com/6074132468/LnoxmFaWh,0,0,0
4755758572376467,2022-04-07 23:17:44,五点二十月未圆,https://weibo.com/u/3984599077,//@北斗星空张杰歌迷会:#张杰[超话]#传承榜样力量，守护音乐梦想，坚持初心，「益」起前行，助力更多有音乐梦想的孩子[心],https://weibo.com/3984599077/Lnoxb9Ye7,0,0,0
4755758312329596,2022-04-07 23:16:42,攒一袋星糖,https://weibo.com/u/6298723352,[心]//@北斗星空张杰歌迷会:#张杰[超话]#传承榜样力量，守护音乐梦想，坚持初心，「益」起前行，助力更多有音乐梦想的孩子[心],https://weibo.com/6298723352/LnowL9M28,0,0,0
4755758124896556,2022-04-07 23:15:57,小圆南瓜丶,https://weibo.com/u/5673741376,//@北斗星空张杰歌迷会:#张杰[超话]#传承榜样力量，守护音乐梦想，坚持初心，「益」起前行，助力更多有音乐梦想的孩子[心],https://weibo.com/5673741376/LnowskxOI,0,0,0
4755757956599958,2022-04-07 23:15:17,北斗星空-浙江,https://weibo.com/u/1892813614,#张杰[超话]# 用心 用爱 用音乐传递力量[心]//@北斗星空张杰歌迷会:#张杰[超话]#传承榜样力量，守护音乐梦想，坚持初心，「益」起前行，助力更多有音乐梦想的孩子[心],https://weibo.com/1892813614/LnowbrGWW,2,0,5
4755757456688880,2022-04-07 23:13:17,weiwei1981_811,https://weibo.com/u/6726012033,//@北斗星空爱心基金:这是爱的传递，也是共同的心之所向。接过榜样接力棒，我们一直在路上！//@微公益:#看见公益# @北斗星空爱心基金 将会接过邓小岚老人的榜样接力棒，让更多孩子有机会像马兰花合唱团一样，站在世界舞台，对话日月星辰。#星光公益力# ,https://weibo.com/6726012033/Lnovns45a,0,0,0
4755757134516235,2022-04-07 23:12:00,猪kin_,https://weibo.com/u/6329790631,和@张杰 益起来,https://weibo.com/6329790631/LnouRiWSv,0,0,0
4755757130059508,2022-04-07 23:12:00,北斗星空的梦幻,https://weibo.com/u/1623201284,//@北斗星空张杰歌迷会:#张杰[超话]#传承榜样力量，守护音乐梦想，坚持初心，「益」起前行，助力更多有音乐梦想的孩子[心],https://weibo.com/1623201284/LnouR0ftO,0,0,0
4755756774068555,2022-04-07 23:10:35,Hzblue_白日梦,https://weibo.com/u/6072333367,//@北斗星空张杰歌迷会: #张杰[超话]#传承榜样力量，守护音乐梦想，坚持初心，「益」起前行，助力更多有音乐梦想的孩子[心],https://weibo.com/6072333367/Lnouhh4pR,0,0,0
4755756614420145,2022-04-07 23:09:56,爱拍照的老龔,https://weibo.com/u/6031658363,//@北斗星空张杰歌迷会:#张杰[超话]#传承榜样力量，守护音乐梦想，坚持初心，「益」起前行，助力更多有音乐梦想的孩子[心],https://weibo.com/6031658363/Lnou1ixSF,0,0,0
4755756564088485,2022-04-07 23:09:44,Josie蒋蒋,https://weibo.com/u/1767111197,传承榜样力量！//@北斗星空张杰歌迷会:#张杰[超话]#传承榜样力量，守护音乐梦想，坚持初心，「益」起前行，助力更多有音乐梦想的孩子[心],https://weibo.com/1767111197/LnotWh9Bj,0,0,0
4755756350179877,2022-04-07 23:08:54,杰星全世界最甜,https://weibo.com/u/5108558649,//@北斗星空张杰歌迷会:#张杰[超话]#传承榜样力量，守护音乐梦想，坚持初心，「益」起前行，助力更多有音乐梦想的孩子[心],https://weibo.com/5108558649/LnotB0KNf,0,0,1
4755755851581291,2022-04-07 23:06:55,杰星全世界最甜,https://weibo.com/u/5108558649,//@北斗星空爱心基金:这是爱的传递，也是共同的心之所向。接过榜样接力棒，我们一直在路上！//@微公益:#看见公益# @北斗星空爱心基金 将会接过邓小岚老人的榜样接力棒，让更多孩子有机会像马兰花合唱团一样，站在世界舞台，对话日月星辰。#星光公益力#,https://weibo.com/5108558649/LnosN6DmH,0,0,0
4755755821695390,2022-04-07 23:06:47,我是阿杰的星星,https://weibo.com/u/2674891980,和张杰益起来,https://weibo.com/2674891980/LnosK7730,0,0,0
4755755637146412,2022-04-07 23:06:03,一Zhan成硕呀,https://weibo.com/u/6056627348,[心][心][心]//@北斗星空张杰歌迷会:#张杰[超话]#传承榜样力量，守护音乐梦想，坚持初心，「益」起前行，助力更多有音乐梦想的孩子[心],https://weibo.com/6056627348/LnosrtZ6I,0,0,0
4755755250745560,2022-04-07 23:04:31,浅墨睡不醒,https://weibo.com/u/5677135510,//@北斗星空爱心基金:这是爱的传递，也是共同的心之所向。接过榜样接力棒，我们一直在路上！//@微公益:#看见公益# @北斗星空爱心基金 将会接过邓小岚老人的榜样接力棒，让更多孩子有机会像马兰花合唱团一样，站在世界舞台，对话日月星辰。#星光公益力# ,https://weibo.com/5677135510/LnorP37Xa,0,0,0
4755755246556135,2022-04-07 23:04:31,星光淡蓝色,https://weibo.com/u/1692723172,和张杰益起来助力更多有音乐梦想的孩子[中国赞][中国赞][中国赞],https://weibo.com/1692723172/LnorOrvy7,0,0,0
4755755138286936,2022-04-07 23:04:04,我的头发超卷·,https://weibo.com/u/5885295354,「益」起前行//@北斗星空张杰歌迷会:#张杰[超话]#传承榜样力量，守护音乐梦想，坚持初心，「益」起前行，助力更多有音乐梦想的孩子[心],https://weibo.com/5885295354/LnorDyLOg,0,0,0
4755755104997937,2022-04-07 23:03:57,话多就去考证·,https://weibo.com/u/5537686938,#张杰音乐梦想教室# 和张杰益起来//@北斗星空张杰歌迷会:#张杰[超话]#传承榜样力量，守护音乐梦想，坚持初心，「益」起前行，助力更多有音乐梦想的孩子[心],https://weibo.com/5537686938/LnorAkYbT,0,0,1
4755754953479942,2022-04-07 23:03:21,雾满星杰,https://weibo.com/u/6399211120,和@张杰 益起来,https://weibo.com/6399211120/LnorleBi6,0,0,0
4755754944563512,2022-04-07 23:03:18,喂那个人02212891,https://weibo.com/u/6193964185,//@北斗星空张杰歌迷会:#张杰[超话]#传承榜样力量，守护音乐梦想，坚持初心，「益」起前行，助力更多有音乐梦想的孩子[心],https://weibo.com/6193964185/Lnorkj9b2,0,0,0
4755754781247710,2022-04-07 23:02:40,ZogMh,https://weibo.com/u/5674736537,传承榜样力量，守护音乐梦想🎶 🎶,https://weibo.com/5674736537/Lnor45eAm,0,0,0
4755754327737561,2022-04-07 23:00:51,伴杰一生03501020,https://weibo.com/u/7026049740,//@北斗星空张杰歌迷会:#张杰[超话]#传承榜样力量，守护音乐梦想，坚持初心，「益」起前行，助力更多有音乐梦想的孩子[心],https://weibo.com/7026049740/LnoqkwsTn,0,0,0
4755753921157916,2022-04-07 22:59:15,李达Linda,https://weibo.com/u/3736480743,//@北斗星空爱心基金:这是爱的传递，也是共同的心之所向。接过榜样接力棒，我们一直在路上！//@微公益:#看见公益# @北斗星空爱心基金 将会接过邓小岚老人的榜样接力棒，让更多孩子有机会像马兰花合唱团一样，站在世界舞台，对话日月星辰。#星光公益力#,https://weibo.com/3736480743/LnopG4Re4,0,0,0
4755753817083629,2022-04-07 22:58:50,喻思南的女人是zj的歌迷,https://weibo.com/u/2079591077,[心][心][心]//@北斗星空爱心基金:这是爱的传递，也是共同的心之所向。接过榜样接力棒，我们一直在路上！//@微公益:#看见公益# @北斗星空爱心基金 将会接过邓小岚老人的榜样接力棒，让更多孩子有机会像马兰花合唱团一样，站在世界舞台，对话日月星辰。#星光公益力# ,https://weibo.com/2079591077/LnopvtIM5,0,0,0
4755753221755607,2022-04-07 22:56:28,若遗憾没有遗憾,https://weibo.com/u/5532212397,转发微博,https://weibo.com/5532212397/Lnooy7mIf,0,0,0
4755752932082089,2022-04-07 22:55:18,一路之下_,https://weibo.com/u/6429990065,[心]//@北斗星空爱心基金:这是爱的传递，也是共同的心之所向。接过榜样接力棒，我们一直在路上！//@微公益:#看见公益# @北斗星空爱心基金 将会接过邓小岚老人的榜样接力棒，让更多孩子有机会像马兰花合唱团一样，站在世界舞台，对话日月星辰。#星光公益力# ,https://weibo.com/6429990065/Lnoo58JE5,0,0,0
4755752751208065,2022-04-07 22:54:36,许我一只奶糕糕,https://weibo.com/u/6105963931,[送花花][送花花]//@北斗星空张杰歌迷会:#张杰[超话]#传承榜样力量，守护音乐梦想，坚持初心，「益」起前行，助力更多有音乐梦想的孩子[心],https://weibo.com/6105963931/LnonN54gV,0,0,0
4755752650804282,2022-04-07 22:54:12,恰好温柔·,https://weibo.com/u/1901697465,只要有星光，就能边走边唱🎤【张杰音乐梦想教室】继续前行，让每段童年，都有歌声温暖陪伴，让每个有音乐梦的小孩，都有肩膀可以站！[心]@张杰,https://weibo.com/1901697465/LnonD3nei,0,0,0
4755752550143807,2022-04-07 22:53:48,风信子漂流瓶,https://weibo.com/u/2678051211,//@北斗星空张杰歌迷会:#张杰[超话]#传承榜样力量，守护音乐梦想，坚持初心，「益」起前行，助力更多有音乐梦想的孩子[心],https://weibo.com/2678051211/Lnont0Bpt,0,0,0
4755752532575995,2022-04-07 22:53:44,小刘小刘不学引流,https://weibo.com/u/6157896931,[送花花][送花花]//@北斗星空张杰歌迷会:#张杰[超话]#传承榜样力量，守护音乐梦想，坚持初心，「益」起前行，助力更多有音乐梦想的孩子[心],https://weibo.com/6157896931/LnonraO8j,0,0,0
4755752528644250,2022-04-07 22:53:43,林以恒说他喜欢我,https://weibo.com/u/5532388530,助力每一个音乐梦想,https://weibo.com/5532388530/LnonqAgLo,0,0,1
4755752390756856,2022-04-07 22:53:10,星河有你我,https://weibo.com/u/5938103414,//@北斗星空张杰歌迷会:#张杰[超话]#传承榜样力量，守护音乐梦想，坚持初心，「益」起前行，助力更多有音乐梦想的孩子[心],https://weibo.com/5938103414/Lnond3aTm,0,0,0
4755752340423268,2022-04-07 22:52:57,那个杰呀,https://weibo.com/u/7115020439,和张杰益起来[心],https://weibo.com/7115020439/Lnon81M6U,0,0,0
4755751785992244,2022-04-07 22:50:46,看呐看·,https://weibo.com/u/6304735928,和张杰“益”起来//@北斗星空爱心基金 :这是爱的传递，也是共同的心之所向。接过榜样接力棒，我们一直在路上！//@微公益 :#看见公益# @北斗星空爱心基金 将会接过邓小岚老人的榜样接力棒，让更多孩子有机会像马兰花合唱团一样，站在世界舞台，对话日月星辰。#星光公益力# ,https://weibo.com/6304735928/Lnomep8R6,0,0,1
4755751418202188,2022-04-07 22:49:18,客携秋水揽星河·,https://weibo.com/u/6611246202,//@北斗星空张杰歌迷会:#张杰[超话]#传承榜样力量，守护音乐梦想，坚持初心，「益」起前行，助力更多有音乐梦想的孩子[心],https://weibo.com/6611246202/LnolDypLm,0,0,1
4755751274285850,2022-04-07 22:48:44,咯咯咯哒杰,https://weibo.com/u/7524508472,和张杰益起来,https://weibo.com/7524508472/LnolphYWC,0,0,0
4755751232342087,2022-04-07 22:48:34,回忆的独奏_1220,https://weibo.com/u/6151614629,#张杰[超话]# #张杰音乐梦想教室# //@北斗星空爱心基金:这是爱的传递，也是共同的心之所向。接过榜样接力棒，我们一直在路上！//@微公益:#看见公益# @北斗星空爱心基金 将会接过邓小岚老人的榜样接力棒，让更多孩子有机会像马兰花合唱团一样，站在世界舞台，对话日月星辰。#星光公益力#,https://weibo.com/6151614629/Lnoll9PhB,0,0,0
4755751186204421,2022-04-07 22:48:22,HY我们的小美好,https://weibo.com/u/5573984344,和@张杰 益起来[心],https://weibo.com/5573984344/Lnolgq23j,0,0,0
4755751161566115,2022-04-07 22:48:17,xiang蚂蚁和星星,https://weibo.com/u/5647247806,//@北斗星空爱心基金:这是爱的传递，也是共同的心之所向。接过榜样接力棒，我们一直在路上！//@微公益:#看见公益# @北斗星空爱心基金 将会接过邓小岚老人的榜样接力棒，让更多孩子有机会像马兰花合唱团一样，站在世界舞台，对话日月星辰。#星光公益力#,https://weibo.com/5647247806/Lnole6zpV,0,0,0
4755751157105154,2022-04-07 22:48:15,小杰宝贝,https://weibo.com/u/5165590092,#和张杰益起来#,https://weibo.com/5165590092/LnoldtOng,0,0,0
4755751023417794,2022-04-07 22:47:44,北斗星空爱心基金,https://weibo.com/u/1650705565,这是爱的传递，也是共同的心之所向。接过榜样接力棒，我们一直在路上！//@微公益:#看见公益# @北斗星空爱心基金 将会接过邓小岚老人的榜样接力棒，让更多孩子有机会像马兰花合唱团一样，站在世界舞台，对话日月星辰。#星光公益力# ,https://weibo.com/1650705565/Lnol0el7I,33,19,94
4755750603982073,2022-04-07 22:46:04,日星月一起闪耀,https://weibo.com/u/5242383898,转发微博,https://weibo.com/5242383898/LnokkgHUZ,0,0,0
4755749597352783,2022-04-07 22:42:04,我杰搁浅不了的星空,https://weibo.com/u/3762290377,#张杰[超话]#[心]//@北斗星空张杰歌迷会:#张杰[超话]#传承榜样力量，守护音乐梦想，坚持初心，「益」起前行，助力更多有音乐梦想的孩子[心],https://weibo.com/3762290377/LnoiHuQNh,0,0,1
4755749500355538,2022-04-07 22:41:41,real发哥,https://weibo.com/u/1650491695,转发微博,https://weibo.com/1650491695/Lnoiy1uuu,0,0,2
4755749404677529,2022-04-07 22:41:18,-我是真的很喜欢你啊,https://weibo.com/u/6875270945,[心]//@北斗星空张杰歌迷会:#张杰[超话]#传承榜样力量，守护音乐梦想，坚持初心，「益」起前行，助力更多有音乐梦想的孩子[心],https://weibo.com/6875270945/LnoiojCQ1,0,0,0
4755749258134339,2022-04-07 22:40:42,就这样继续爱下去吧,https://weibo.com/u/1875572703,#张杰音乐梦想教室# [心][心][心],https://weibo.com/1875572703/Lnoi9y871,0,0,0
4755749098230167,2022-04-07 22:40:05,莎莎ssgg,https://weibo.com/u/7545183704,[心][心][心]//@北斗星空张杰歌迷会:#张杰[超话]#传承榜样力量，守护音乐梦想，坚持初心，「益」起前行，助力更多有音乐梦想的孩子[心],https://weibo.com/7545183704/LnohTyx2D,0,0,0
4755748850768562,2022-04-07 22:39:06,小小放纵一下下,https://weibo.com/u/5181277845,[心]//@北斗星空张杰歌迷会:#张杰[超话]#传承榜样力量，守护音乐梦想，坚持初心，「益」起前行，助力更多有音乐梦想的孩子[心],https://weibo.com/5181277845/Lnohv3dWa,0,0,0
4755747994341177,2022-04-07 22:35:42,回忆的独奏_1220,https://weibo.com/u/6151614629,#张杰[超话]# #张杰音乐梦想教室# //@北斗星空张杰歌迷会:#张杰[超话]#传承榜样力量，守护音乐梦想，坚持初心，「益」起前行，助力更多有音乐梦想的孩子[心],https://weibo.com/6151614629/Lnog7idkZ,0,0,0
4755747876900065,2022-04-07 22:35:14,关于06号选手,https://weibo.com/u/5672858445,益起来//@北斗星空张杰歌迷会:#张杰[超话]#传承榜样力量，守护音乐梦想，坚持初心，「益」起前行，助力更多有音乐梦想的孩子[心],https://weibo.com/5672858445/LnofVsX1n,0,0,0
4755747748190557,2022-04-07 22:34:43,范饭饭FFF,https://weibo.com/u/5187162755,//@北斗星空张杰歌迷会:#张杰[超话]#传承榜样力量，守护音乐梦想，坚持初心，「益」起前行，助力更多有音乐梦想的孩子[心],https://weibo.com/5187162755/LnofIymJL,0,0,0
4755747672162523,2022-04-07 22:34:24,天FENG不惑,https://weibo.com/u/7064225164,“益”起前行，助力更多有音乐梦想的孩子[雪容融],https://weibo.com/7064225164/LnofB94zp,0,0,1
4755747311192711,2022-04-07 22:32:59,今天张老师翻我牌了吗,https://weibo.com/u/3983140279,和张杰一起做公益！,https://weibo.com/3983140279/Lnof150hh,0,0,0
4755746644825838,2022-04-07 22:30:20,张大杰的心头肉,https://weibo.com/u/5487784199,//@北斗星空张杰歌迷会:#张杰[超话]#传承榜样力量，守护音乐梦想，坚持初心，「益」起前行，助力更多有音乐梦想的孩子[心],https://weibo.com/5487784199/LnodWkfq6,0,0,0
4755746631194057,2022-04-07 22:30:17,星星-雨涵,https://weibo.com/u/1793159250,//@北斗星空张杰歌迷会:#张杰[超话]#传承榜样力量，守护音乐梦想，坚持初心，「益」起前行，助力更多有音乐梦想的孩子[心],https://weibo.com/1793159250/LnodV50CZ,0,0,0
4755746036650004,2022-04-07 22:27:55,杰是落在我生命里的一束光,https://weibo.com/u/3724095235,传承榜样力量，守护音乐梦想。[太阳],https://weibo.com/3724095235/LnocXrTY8,0,0,0
4755745368967774,2022-04-07 22:25:15,杰么娜小企鹅1220,https://weibo.com/u/6647245825,和张杰益起来[打call]#星光公益力# #看见公益# ,https://weibo.com/6647245825/LnobSBCVw,0,4,3
4755745100274953,2022-04-07 22:24:12,深海脆脆鲨巧克力,https://weibo.com/u/5845788845,[打call][打call][打call]#星光公益# 和张杰益起来#和张杰益起来#,https://weibo.com/5845788845/Lnobs19wJ,0,0,0
4755744961857090,2022-04-07 22:23:38,星动Jason,https://weibo.com/u/5264670009,[心]//@北斗星空张杰歌迷会:#张杰[超话]#传承榜样力量，守护音乐梦想，坚持初心，「益」起前行，助力更多有音乐梦想的孩子[心],https://weibo.com/5264670009/Lnobe7N74,0,0,0
4755744480562923,2022-04-07 22:21:44,姜小6,https://weibo.com/u/1791153591,[心]//@北斗星空张杰歌迷会:#张杰[超话]#传承榜样力量，守护音乐梦想，坚持初心，「益」起前行，助力更多有音乐梦想的孩子[心],https://weibo.com/1791153591/Lnoas2mrp,0,0,0
4755744295229405,2022-04-07 22:21:00,杰是星空宝贝,https://weibo.com/u/6285595937,转发微博,https://weibo.com/6285595937/Lnoa9lWpf,0,0,0
4755743716939129,2022-04-07 22:18:42,撷取一缕星星的光,https://weibo.com/u/6599785976,和张杰益起来[爱你],https://weibo.com/6599785976/Lno9dt7br,0,0,0
4755743616274741,2022-04-07 22:18:18,Star_张爱人,https://weibo.com/u/6049738858,[心]//@北斗星空张杰歌迷会:#张杰[超话]#传承榜样力量，守护音乐梦想，坚持初心，「益」起前行，助力更多有音乐梦想的孩子[心],https://weibo.com/6049738858/Lno93qklv,0,0,1
4755743506434295,2022-04-07 22:17:52,自己开心最重要咯,https://weibo.com/u/2103249120,生命终止 爱会延续[兔子],https://weibo.com/2103249120/Lno8SqZQX,0,0,0
4755743147038719,2022-04-07 22:16:26,就只是个名字而已啊,https://weibo.com/u/6049896107,[心]//@北斗星空张杰歌迷会:#张杰[超话]#传承榜样力量，守护音乐梦想，坚持初心，「益」起前行，助力更多有音乐梦想的孩子[心],https://weibo.com/6049896107/Lno8itx5J,0,0,0
4755742974280743,2022-04-07 22:15:44,要记得糊糊吖,https://weibo.com/u/5674136145,[心]//@北斗星空张杰歌迷会:#张杰[超话]#传承榜样力量，守护音乐梦想，坚持初心，「益」起前行，助力更多有音乐梦想的孩子[心],https://weibo.com/5674136145/Lno81hXCf,0,0,0
4755742958030526,2022-04-07 22:15:41,想看星海的小星星,https://weibo.com/u/7716843951,和@张杰 益起来[抱一抱][抱一抱]用歌声传承榜样力量，用爱心守护音乐梦想[抱一抱]//@北斗星空张杰歌迷会:#张杰[超话]#传承榜样力量，守护音乐梦想，坚持初心，「益」起前行，助力更多有音乐梦想的孩子[心],https://weibo.com/7716843951/Lno7ZxH6C,0,0,0
4755742898523866,2022-04-07 22:15:27,尖尖才是杰杰的宝贝er·,https://weibo.com/u/6612811052,#张杰音乐梦想教室# [心]//@北斗星空张杰歌迷会:#张杰[超话]#传承榜样力量，守护音乐梦想，坚持初心，「益」起前行，助力更多有音乐梦想的孩子[心],https://weibo.com/6612811052/Lno7TzLrI,0,0,0
4755742458121634,2022-04-07 22:13:41,定赴星海之约的杰星,https://weibo.com/u/6046510679,[送花花]//@北斗星空张杰歌迷会:#张杰[超话]#传承榜样力量，守护音乐梦想，坚持初心，「益」起前行，助力更多有音乐梦想的孩子[心],https://weibo.com/6046510679/Lno7by4O6,0,0,0
4755742457856433,2022-04-07 22:13:41,澈澈家的小妞·,https://weibo.com/u/2779767137,转发微博,https://weibo.com/2779767137/Lno7bwXOF,0,0,0
4755742395211071,2022-04-07 22:13:27,定赴星海之约的杰星,https://weibo.com/u/6046510679,和张杰益起来[送花花][送花花][送花花],https://weibo.com/6046510679/Lno75lRDx,0,0,0
4755741996482643,2022-04-07 22:11:51,刘五一,https://weibo.com/u/2176946705,//@李峥嵘://@星光公益联盟:#星光公益力# 榜样的力量在传承,https://weibo.com/2176946705/Lno6rrcqL,0,0,0
4755741933831437,2022-04-07 22:11:36,谢星栀_,https://weibo.com/u/7222306863,榜样的力量在不断持续传承#看见公益#,https://weibo.com/7222306863/Lno6lg4Jn,0,0,0
4755741816917260,2022-04-07 22:11:09,零度星辰·,https://weibo.com/u/5250092729,#和张杰益起来#,https://weibo.com/5250092729/Lno69t1uI,0,0,0
4755741766582507,2022-04-07 22:10:56,呆在原地i,https://weibo.com/u/7549543612,//@北斗星空张杰歌迷会:#张杰[超话]#传承榜样力量，守护音乐梦想，坚持初心，「益」起前行，助力更多有音乐梦想的孩子[心],https://weibo.com/7549543612/Lno64rCpt,0,0,0
4755741761605453,2022-04-07 22:10:56,西红柿一炒蛋,https://weibo.com/u/5631982799,[心]//@北斗星空张杰歌迷会:#张杰[超话]#传承榜样力量，守护音乐梦想，坚持初心，「益」起前行，助力更多有音乐梦想的孩子[心],https://weibo.com/5631982799/Lno646JEp,0,0,0
4755741347415900,2022-04-07 22:09:17,众口难调料,https://weibo.com/u/6573482431,#张杰音乐梦想教室# 音乐有力量,https://weibo.com/6573482431/Lno5ov7di,0,0,0
4755741124857342,2022-04-07 22:08:24,四叶草同学018,https://weibo.com/u/3315405571,转发微博,https://weibo.com/3315405571/Lno52knCe,0,0,0
4755740999294005,2022-04-07 22:07:54,蹭什么蹭呢,https://weibo.com/u/6170633218,转发微博,https://weibo.com/6170633218/Lno4PCZNj,0,0,0
4755740953154027,2022-04-07 22:07:42,蜜桃夭柠七,https://weibo.com/u/7493741230,和@张杰 益起来[送花花],https://weibo.com/7493741230/Lno4Ldevp,0,0,0
4755740898364266,2022-04-07 22:07:30,Lqy971029,https://weibo.com/u/2716055060,//@依然cmf_FAN·:#张杰音乐梦想教室# [心][心][心],https://weibo.com/2716055060/Lno4Fz5Vw,0,0,0
4755740868480639,2022-04-07 22:07:23,张鱼小丸子Jason,https://weibo.com/u/7280499649,和杰哥益起来[送花花],https://weibo.com/7280499649/Lno4CzAcv,0,0,0
4755740499645779,2022-04-07 22:05:55,爱bb尼斯Gardenia,https://weibo.com/u/2045272841,[悲伤]邓老师 别担心 有人会继续照耀孩子们的梦想。,https://weibo.com/2045272841/Lno41Etj5,0,1,1
4755740092795299,2022-04-07 22:04:18,疯了的小跟班,https://weibo.com/u/5541442516,#张杰[超话]#让每个有音乐梦的孩子都有肩膀可站[心]//@北斗星空张杰歌迷会:#张杰[超话]#传承榜样力量，守护音乐梦想，坚持初心，「益」起前行，助力更多有音乐梦想的孩子[心],https://weibo.com/5541442516/Lno3nbJbt,0,0,0
4755739920302458,2022-04-07 22:03:36,星河唯落杰心_,https://weibo.com/u/5944253163,榜样的力量[赞]和张杰一起益起来[心],https://weibo.com/5944253163/Lno361gGm,0,0,0
4755739887798566,2022-04-07 22:03:29,不哈哈不好玩,https://weibo.com/u/5099580607,//@北斗星空张杰歌迷会:#张杰[超话]#传承榜样力量，守护音乐梦想，坚持初心，「益」起前行，助力更多有音乐梦想的孩子[心],https://weibo.com/5099580607/Lno32wILk,0,0,0
4755739816238465,2022-04-07 22:03:12,好名字都留给狗了,https://weibo.com/u/2307952554,[心]//@北斗星空张杰歌迷会:#张杰[超话]#传承榜样力量，守护音乐梦想，坚持初心，「益」起前行，助力更多有音乐梦想的孩子[心],https://weibo.com/2307952554/Lno2VqaUp,0,0,0
4755739761182379,2022-04-07 22:02:58,杰是那个可可吖,https://weibo.com/u/5381694268,坚持榜样的力量，[送花花]和@张杰 一起益起来,https://weibo.com/5381694268/Lno2Q4XAD,0,0,0
4755739551992500,2022-04-07 22:02:09,星海是永远的执念,https://weibo.com/u/5885308376,[心][心]//@北斗星空张杰歌迷会:#张杰[超话]#传承榜样力量，守护音乐梦想，坚持初心，「益」起前行，助力更多有音乐梦想的孩子[心],https://weibo.com/5885308376/Lno2v8ml6,0,0,0
4755739175030978,2022-04-07 22:00:39,我会有猫哦,https://weibo.com/u/5128422992,//@北斗星空张杰歌迷会:#张杰[超话]#传承榜样力量，守护音乐梦想，坚持初心，「益」起前行，助力更多有音乐梦想的孩子[心],https://weibo.com/5128422992/Lno1Tl6MO,0,0,0
4755739077252887,2022-04-07 22:00:16,看呐看·,https://weibo.com/u/6304735928,和@张杰  “益”起来，让更多爱音乐的孩子有肩膀可以站[打call]//@北斗星空张杰歌迷会 :#张杰[超话]#传承榜样力量，守护音乐梦想，坚持初心，「益」起前行，助力更多有音乐梦想的孩子[心],https://weibo.com/6304735928/Lno1JuqO3,0,0,1
4755739053130920,2022-04-07 22:00:09,只吃糖不吃苦的大宝贝儿,https://weibo.com/u/3138215317,和杰哥@张杰 一起益起来,https://weibo.com/3138215317/Lno1Hd8uI,0,0,0
4755738846823759,2022-04-07 21:59:20,我杰的恒星,https://weibo.com/u/6124262063,#张杰音乐梦想教室# 和张杰益起来[心],https://weibo.com/6124262063/Lno1msDaD,0,0,0
4755738595167535,2022-04-07 21:58:21,永远是Jason张的小星星,https://weibo.com/u/5227596335,#张杰音乐梦想教室# 一直在路上[抱一抱][抱一抱][抱一抱],https://weibo.com/5227596335/Lno0XlGjl,0,0,1
4755738578128012,2022-04-07 21:58:17,抹茶味星星奶茶,https://weibo.com/u/5934309810,和张杰益起来[赢牛奶],https://weibo.com/5934309810/Lno0Vy6sY,0,0,1
4755738553486083,2022-04-07 21:58:11,满天繁星JY,https://weibo.com/u/3227420701,//@·布拿拿BNNa·:和张杰益起来[心],https://weibo.com/3227420701/Lno0TeCT9,0,0,0
4755738361333530,2022-04-07 21:57:24,依然cmf_FAN·,https://weibo.com/u/3856824213,#张杰音乐梦想教室# [心][心][心],https://weibo.com/3856824213/Lno0A5AUy,1,0,3
4755737597970278,2022-04-07 21:54:22,x-summer呀,https://weibo.com/u/5836613708,和张杰益起来#张杰音乐梦想教室#,https://weibo.com/5836613708/LnnZlxrqS,0,0,0
4755737588535873,2022-04-07 21:54:21,仰望星空的学生星·,https://weibo.com/u/6192911043,和@张杰 益起来[送花花],https://weibo.com/6192911043/LnnZkzOzn,0,0,6
4755737354702944,2022-04-07 21:53:25,Baby_欣欣stars,https://weibo.com/u/6380113428,[心][心]//@北斗星空张杰歌迷会:#张杰[超话]#传承榜样力量，守护音乐梦想，坚持初心，「益」起前行，助力更多有音乐梦想的孩子[心],https://weibo.com/6380113428/LnnYXjJrW,0,0,0
4755737274746144,2022-04-07 21:53:05,他家的小咘芽,https://weibo.com/u/3304022251,传承榜样力量，守护音乐梦想[心]//@北斗星空张杰歌迷会:#张杰[超话]#传承榜样力量，守护音乐梦想，坚持初心，「益」起前行，助力更多有音乐梦想的孩子[心],https://weibo.com/3304022251/LnnYPjUGI,0,0,0
4755736724242727,2022-04-07 21:50:54,是霸气的杰仔吖,https://weibo.com/u/3466035820,和张杰益起来！,https://weibo.com/3466035820/LnnXWhNJ5,0,0,0
4755736498274922,2022-04-07 21:50:00,真是白马过隙,https://weibo.com/u/2712474501,[中国赞]//@中国人口福利基金会:#看见公益# 感谢音乐的连接和传递，让更多孩子有机会像马兰花合唱团一样，站在世界舞台，对话日月星辰。[中国赞]#星光公益力#,https://weibo.com/2712474501/LnnXzyIGu,0,0,0
4755736356454995,2022-04-07 21:49:26,真是白马过隙,https://weibo.com/u/2712474501,[打call]//@微公益:#看见公益# @北斗星空爱心基金 将会接过邓小岚老人的榜样接力棒，让更多孩子有机会像马兰花合唱团一样，站在世界舞台，对话日月星辰。#星光公益力#,https://weibo.com/2712474501/LnnXlr5eP,0,0,0
4755736225645902,2022-04-07 21:48:55,真是白马过隙,https://weibo.com/u/2712474501,[心]//@北斗星空张杰歌迷会:#张杰[超话]#传承榜样力量，守护音乐梦想，坚持初心，「益」起前行，助力更多有音乐梦想的孩子[心],https://weibo.com/2712474501/LnnX8nGKW,0,0,0
4755735739630003,2022-04-07 21:46:59,浅墨PRECIOUS,https://weibo.com/u/1845170975,#张杰[超话]#和张杰益起来[心],https://weibo.com/1845170975/LnnWlEpcD,0,0,0
4755735440788709,2022-04-07 21:45:48,今生今世ZJ,https://weibo.com/u/6457592834,和张杰一起益起来,https://weibo.com/6457592834/LnnVS3jb7,0,0,0
4755735424538604,2022-04-07 21:45:45,夜空中最亮的星wu315,https://weibo.com/u/5667695112,//@我是丁晶晶·://@北斗星空张杰歌迷会:#张杰[超话]#传承榜样力量，守护音乐梦想，坚持初心，「益」起前行，助力更多有音乐梦想的孩子[心],https://weibo.com/5667695112/LnnVQj2Hi,0,0,0
4755735114941952,2022-04-07 21:44:30,雪月之前,https://weibo.com/u/5990764579,#看见公益# 和张杰益起来[心],https://weibo.com/5990764579/LnnVlkJCU,0,0,1
4755735097640650,2022-04-07 21:44:27,摩拉克斯没有摩拉-,https://weibo.com/u/2406302504,//@北斗星空张杰歌迷会:#张杰[超话]#传承榜样力量，守护音乐梦想，坚持初心，「益」起前行，助力更多有音乐梦想的孩子[心],https://weibo.com/2406302504/LnnVjw3Gi,0,0,0
4755734430749754,2022-04-07 21:41:48,老张的凉生,https://weibo.com/u/2859948400,[心]//@北斗星空张杰歌迷会:#张杰[超话]#传承榜样力量，守护音乐梦想，坚持初心，「益」起前行，助力更多有音乐梦想的孩子[心],https://weibo.com/2859948400/LnnUf392O,0,0,0
4755734141338080,2022-04-07 21:40:38,鑫鑫吃瓜日记,https://weibo.com/u/5129370011,和张杰一起 益 起来,https://weibo.com/5129370011/LnnTM5C5W,0,0,1
4755733603943916,2022-04-07 21:38:30,VV6VV7,https://weibo.com/u/2260318432,//@北斗星空张杰歌迷会:#张杰[超话]#传承榜样力量，守护音乐梦想，坚持初心，「益」起前行，助力更多有音乐梦想的孩子[心],https://weibo.com/2260318432/LnnSUgxZy,0,0,0
4755733286229374,2022-04-07 21:37:15,透过骨Z1傲,https://weibo.com/u/6615929302,和张杰益起来,https://weibo.com/6615929302/LnnSoq8xM,0,0,0
4755733247164949,2022-04-07 21:37:05,铁打的年糕,https://weibo.com/u/5185687736,//@北斗星空张杰歌迷会:#张杰[超话]#传承榜样力量，守护音乐梦想，坚持初心，「益」起前行，助力更多有音乐梦想的孩子[心],https://weibo.com/5185687736/LnnSku3VH,0,0,0
4755733227506878,2022-04-07 21:37:01,金瑜不熬夜,https://weibo.com/u/7194956280,[心][心][心]//@北斗星空张杰歌迷会:#张杰[超话]#传承榜样力量，守护音乐梦想，坚持初心，「益」起前行，助力更多有音乐梦想的孩子[心],https://weibo.com/7194956280/LnnSivuSG,0,0,0
4755732962476686,2022-04-07 21:35:57,sunny-如如,https://weibo.com/u/2862669132,//@北斗星空张杰歌迷会:#张杰[超话]#传承榜样力量，守护音乐梦想，坚持初心，「益」起前行，助力更多有音乐梦想的孩子[心],https://weibo.com/2862669132/LnnRSaoiy,0,0,0
4755732400705740,2022-04-07 21:33:44,小问就要早睡啦,https://weibo.com/u/5163390511,#张杰[超话]#传承榜样力量，守护音乐梦想，坚持初心，「益」起前行，助力更多有音乐梦想的孩子[心],https://weibo.com/5163390511/LnnQY2XAU,0,0,0
4755732303710216,2022-04-07 21:33:21,星淋收藏者,https://weibo.com/u/5044806885,转发微博,https://weibo.com/5044806885/LnnQOfzcc,0,0,0
4755732103173256,2022-04-07 21:32:33,ET-Natasha,https://weibo.com/u/6535555524,和@张杰 “益”起来[抱一抱][爱你],https://weibo.com/6535555524/LnnQudjvy,0,0,0
4755731884280094,2022-04-07 21:31:40,哦是晚晚呀,https://weibo.com/u/7058253637,//@艾尚天然:转发微博,https://weibo.com/7058253637/LnnQ8hXrM,0,0,0
4755731850728170,2022-04-07 21:31:33,Z-小琪-J,https://weibo.com/u/5999003092,//@北斗星空张杰歌迷会:#张杰[超话]#传承榜样力量，守护音乐梦想，坚持初心，「益」起前行，助力更多有音乐梦想的孩子[心],https://weibo.com/5999003092/LnnQ533qG,0,0,0
4755731637341371,2022-04-07 21:30:42,一派自成,https://weibo.com/u/2244290241,转发微博,https://weibo.com/2244290241/LnnPJuNPd,0,0,0
4755731393286780,2022-04-07 21:29:44,遇见你时在路边,https://weibo.com/u/7728106521,转发微博,https://weibo.com/7728106521/LnnPldN2A,0,0,0
4755731251989812,2022-04-07 21:29:10,攒易瓶星光,https://weibo.com/u/5201398081,[打call]//@北斗星空张杰歌迷会:#张杰[超话]#传承榜样力量，守护音乐梦想，坚持初心，「益」起前行，助力更多有音乐梦想的孩子[心],https://weibo.com/5201398081/LnnP78lDK,0,0,0
4755731129041428,2022-04-07 21:28:40,羡鱼La,https://weibo.com/u/5023213037,[心]//@北斗星空张杰歌迷会:#张杰[超话]#传承榜样力量，守护音乐梦想，坚持初心，「益」起前行，助力更多有音乐梦想的孩子[心],https://weibo.com/5023213037/LnnOUBW5u,0,0,0
4755731032572077,2022-04-07 21:28:17,爱捣腾指甲的姑娘,https://weibo.com/u/2596813171,转发微博,https://weibo.com/2596813171/LnnOLaN77,0,0,0
4755730895211223,2022-04-07 21:27:45,我在四季里等待,https://weibo.com/u/6029139040,//@艾尚天然:转发微博,https://weibo.com/6029139040/LnnOxlRFZ,0,0,0
4755730802150905,2022-04-07 21:27:22,艾尚天然,https://weibo.com/u/3205457515,转发微博,https://weibo.com/3205457515/LnnOo91y1,3,3,0
4755730713805045,2022-04-07 21:27:01,林以恒女朋友1220,https://weibo.com/u/5301690028,让每个有音乐梦想的小孩都有肩膀可以站💙//@北斗星空张杰歌迷会:#张杰[超话]#传承榜样力量，守护音乐梦想，坚持初心，「益」起前行，助力更多有音乐梦想的孩子[心],https://weibo.com/5301690028/LnnOffXRH,0,0,0
4755730542103664,2022-04-07 21:26:21,街角的祝福_8310,https://weibo.com/u/5683723158,[心][心][心]//@北斗星空张杰歌迷会:#张杰[超话]#传承榜样力量，守护音乐梦想，坚持初心，「益」起前行，助力更多有音乐梦想的孩子[心],https://weibo.com/5683723158/LnnNY8Pg4,0,0,0
4755730513528041,2022-04-07 21:26:13,hyqnini,https://weibo.com/u/5512558129,#和张杰益起来# 用爱去温暖世界[心],https://weibo.com/5512558129/LnnNVeNNT,0,0,1
4755730433053191,2022-04-07 21:25:55,老张今天嘴瓢了吗,https://weibo.com/u/5657246063,转发微博,https://weibo.com/5657246063/LnnNNcOh1,0,0,0
4755730332128055,2022-04-07 21:25:31,AZhang-J·,https://weibo.com/u/2751803245,//@北斗星空张杰歌迷会:#张杰[超话]#传承榜样力量，守护音乐梦想，坚持初心，「益」起前行，助力更多有音乐梦想的孩子[心],https://weibo.com/2751803245/LnnND8VBt,0,0,0
4755730232775063,2022-04-07 21:25:07,璟依摘星亭·,https://weibo.com/u/7584100513,[抱一抱]//@北斗星空张杰歌迷会:#张杰[超话]#传承榜样力量，守护音乐梦想，坚持初心，「益」起前行，助力更多有音乐梦想的孩子[心],https://weibo.com/7584100513/LnnNtbDV5,0,0,0
4755730214947732,2022-04-07 21:25:03,不会再没了,https://weibo.com/u/7513093338,//@北斗星空张杰歌迷会:#张杰[超话]#传承榜样力量，守护音乐梦想，坚持初心，「益」起前行，助力更多有音乐梦想的孩子[心],https://weibo.com/7513093338/LnnNrkL88,0,0,0
4755730152819239,2022-04-07 21:24:47,·布拿拿BNNa·,https://weibo.com/u/5996916469,和张杰益起来[心],https://weibo.com/5996916469/LnnNlbPpB,1,0,0
4755730055565079,2022-04-07 21:24:25,張海珏星,https://weibo.com/u/6617957792,//@北斗星空张杰歌迷会:#张杰[超话]#传承榜样力量，守护音乐梦想，坚持初心，「益」起前行，助力更多有音乐梦想的孩子[心],https://weibo.com/6617957792/LnnNbnlJl,0,0,0
4755729783197021,2022-04-07 21:23:20,J_Y杰凯同行kings,https://weibo.com/u/5762400423,和@张杰 一起守护乡村孩子的音乐梦想。,https://weibo.com/5762400423/LnnMKdpGR,0,0,0
4755729632990657,2022-04-07 21:22:44,麦田-艳児,https://weibo.com/u/5264888414,//@北斗星空张杰歌迷会:#张杰[超话]#传承榜样力量，守护音乐梦想，坚持初心，「益」起前行，助力更多有音乐梦想的孩子[心],https://weibo.com/5264888414/LnnMvcy0p,0,0,0
4755729569551470,2022-04-07 21:22:29,感动于星14872,https://weibo.com/u/6072803788,[心]//@北斗星空张杰歌迷会:#张杰[超话]#传承榜样力量，守护音乐梦想，坚持初心，「益」起前行，助力更多有音乐梦想的孩子[心],https://weibo.com/6072803788/LnnMoE4LY,0,0,0
4755729367435262,2022-04-07 21:21:41,郝乐乐吖,https://weibo.com/u/6598217284,//@北斗星空张杰歌迷会:#张杰[超话]#传承榜样力量，守护音乐梦想，坚持初心，「益」起前行，助力更多有音乐梦想的孩子[心],https://weibo.com/6598217284/LnnM4vcfA,0,0,0
4755729322087657,2022-04-07 21:21:30,感动于星14872,https://weibo.com/u/6072803788,让音乐陪伴更多孩子成长[心][心],https://weibo.com/6072803788/LnnM08L5T,0,0,0
4755729305574858,2022-04-07 21:21:26,82年十五画·,https://weibo.com/u/2425686333,和张杰益起来,https://weibo.com/2425686333/LnnLYnoh4,0,0,0
4755729229285270,2022-04-07 21:21:07,十岁q,https://weibo.com/u/5316760169,和张杰益起来[送花花],https://weibo.com/5316760169/LnnLQCXwq,0,0,0
4755729170564084,2022-04-07 21:20:53,原谅-迷茫而仿佛,https://weibo.com/u/1811026674,//@北斗星空张杰歌迷会:#张杰[超话]#传承榜样力量，守护音乐梦想，坚持初心，「益」起前行，助力更多有音乐梦想的孩子[心],https://weibo.com/1811026674/LnnLL2mK8,0,0,0
4755729145926435,2022-04-07 21:20:48,原谅-迷茫而仿佛,https://weibo.com/u/1811026674,转发微博,https://weibo.com/1811026674/LnnLIoRJF,0,0,0
4755729120235637,2022-04-07 21:20:42,月亮湾Yuan,https://weibo.com/u/3179401615,[心]//@北斗星空张杰歌迷会:#张杰[超话]#传承榜样力量，守护音乐梦想，坚持初心，「益」起前行，助力更多有音乐梦想的孩子[心],https://weibo.com/3179401615/LnnLG0ZiB,0,0,0
4755729020358576,2022-04-07 21:20:18,明天過後8220,https://weibo.com/u/5983506824,益起来[心],https://weibo.com/5983506824/LnnLw1vhu,0,0,0
4755728797538006,2022-04-07 21:19:25,Star_君JUN,https://weibo.com/u/5045377833,和张杰益起助力孩子们的音乐梦想[心],https://weibo.com/5045377833/LnnL9vCYK,0,0,0
4755728781283600,2022-04-07 21:19:21,勿忘心安221,https://weibo.com/u/6129026641,转发微博,https://weibo.com/6129026641/LnnL85nVe,0,0,0
4755728667514345,2022-04-07 21:18:54,ZJPOPPY,https://weibo.com/u/5782689227,用音乐传递温暖，让爱常伴,https://weibo.com/5782689227/LnnKWvwP7,0,0,0
4755728558457895,2022-04-07 21:18:27,numbers袁,https://weibo.com/u/6096296989,和张杰益起来[心]//@北斗星空张杰歌迷会:#张杰[超话]#传承榜样力量，守护音乐梦想，坚持初心，「益」起前行，助力更多有音乐梦想的孩子[心],https://weibo.com/6096296989/LnnKLzuhF,0,0,0
4755728508917174,2022-04-07 21:18:16,杰哥家的小星星8208,https://weibo.com/u/7091666062,//@北斗星空张杰歌迷会:#张杰[超话]#传承榜样力量，守护音乐梦想，坚持初心，「益」起前行，助力更多有音乐梦想的孩子[心],https://weibo.com/7091666062/LnnKGBpLo,0,0,0
4755728365782110,2022-04-07 21:17:41,xixiaaaa,https://weibo.com/u/5674418028,[心],https://weibo.com/5674418028/LnnKsogbQ,0,0,0
4755728235239075,2022-04-07 21:17:11,恒星ZikZ,https://weibo.com/u/6036289151,#张杰[超话]##看见公益# 和张杰『益』起前行[心]//@北斗星空张杰歌迷会:#张杰[超话]#传承榜样力量，守护音乐梦想，坚持初心，「益」起前行，助力更多有音乐梦想的孩子[心],https://weibo.com/6036289151/LnnKflYVd,0,0,1
4755728021323958,2022-04-07 21:16:19,是杰哥的星星啊,https://weibo.com/u/6574532740,//@北斗星空张杰歌迷会:#张杰[超话]#传承榜样力量，守护音乐梦想，坚持初心，「益」起前行，助力更多有音乐梦想的孩子[心],https://weibo.com/6574532740/LnnJU5yqa,0,0,0
4755727896546811,2022-04-07 21:15:50,玫瑰花杰娜829,https://weibo.com/u/5236203954,//@北斗星空张杰歌迷会:#张杰[超话]#传承榜样力量，守护音乐梦想，坚持初心，「益」起前行，助力更多有音乐梦想的孩子[心],https://weibo.com/5236203954/LnnJHrt7J,0,0,0
4755727878723861,2022-04-07 21:15:46,有銭的猪猪,https://weibo.com/u/7066564644,//@北斗星空张杰歌迷会：#张杰[超话]#传承榜样力量，守护音乐梦想，坚持初心，「益」起前行，助力更多有音乐梦想的孩子[心],https://weibo.com/7066564644/LnnJFABtr,0,0,0
4755727874786344,2022-04-07 21:15:44,潜水蓝胖子,https://weibo.com/u/5541859629,和张杰益起来[抱一抱]//@北斗星空张杰歌迷会:#张杰[超话]#传承榜样力量，守护音乐梦想，坚持初心，「益」起前行，助力更多有音乐梦想的孩子[心],https://weibo.com/5541859629/LnnJFk596,0,0,0
4755727865874051,2022-04-07 21:15:42,拾贰贰贰贰-,https://weibo.com/u/5809703792,[心]//@北斗星空张杰歌迷会:#张杰[超话]#传承榜样力量，守护音乐梦想，坚持初心，「益」起前行，助力更多有音乐梦想的孩子[心],https://weibo.com/5809703792/LnnJEoE6L,0,0,0
4755727833631907,2022-04-07 21:15:35,当1颗星星star·,https://weibo.com/u/5331618658,[心]//@北斗星空张杰歌迷会:#张杰[超话]#传承榜样力量，守护音乐梦想，坚持初心，「益」起前行，助力更多有音乐梦想的孩子[心],https://weibo.com/5331618658/LnnJBfeP9,0,0,0
4755727758133270,2022-04-07 21:15:16,不熬夜de星,https://weibo.com/u/6016573292,[心]//@北斗星空张杰歌迷会:#张杰[超话]#传承榜样力量，守护音乐梦想，坚持初心，「益」起前行，助力更多有音乐梦想的孩子[心],https://weibo.com/6016573292/LnnJty7PM,0,0,0
4755727622608768,2022-04-07 21:14:45,喵喵的狮子凯王1220,https://weibo.com/u/5424050592,#星光公益力#,https://weibo.com/5424050592/LnnJgaWEU,0,0,0
4755727476069302,2022-04-07 21:14:10,亻叚装钚哭,https://weibo.com/u/1650532873,转发微博,https://weibo.com/1650532873/LnnJ1psTY,0,0,0
4755727119811148,2022-04-07 21:12:44,张舅舅的小闹闹,https://weibo.com/u/2836913327,[心]//@北斗星空张杰歌迷会:#张杰[超话]#传承榜样力量，守护音乐梦想，坚持初心，「益」起前行，助力更多有音乐梦想的孩子[心],https://weibo.com/2836913327/LnnIrFakk,0,0,0
4755727102772050,2022-04-07 21:12:40,Star_兔叽喵,https://weibo.com/u/7187271957,//@北斗星空张杰歌迷会:#张杰[超话]#传承榜样力量，守护音乐梦想，坚持初心，「益」起前行，助力更多有音乐梦想的孩子[心],https://weibo.com/7187271957/LnnIqbD8u,0,0,0
4755727081805952,2022-04-07 21:12:36,原来你是我最想留住的小幸运1220,https://weibo.com/u/5602161601,#张杰音乐梦想教室# 助力音乐梦想[心],https://weibo.com/5602161601/LnnIo7zOg,0,0,0
4755726990054413,2022-04-07 21:12:14,jibu阿s,https://weibo.com/u/6104688026,“让每个有音乐梦想的小孩，                      都有肩膀可以站。”     —张杰 ,https://weibo.com/6104688026/LnnIf0e9D,0,0,0
4755726931332999,2022-04-07 21:12:00,Silvia-zj,https://weibo.com/u/6165758450,转发微博,https://weibo.com/6165758450/LnnI95ALZ,0,0,0
4755726893322764,2022-04-07 21:11:51,姑娘爱杰,https://weibo.com/u/3645637920,和张杰益起来[心]支持乡村孩子的音乐梦想[虎爪比心]让更多孩子有机会像马兰花合唱团一样，站在世界舞台，对话日月星辰✨,https://weibo.com/3645637920/LnnI5dWoY,0,0,1
4755726792656264,2022-04-07 21:11:26,回想昨天依然没变,https://weibo.com/u/1337191730,[心][心][心]//@北斗星空张杰歌迷会:#张杰[超话]#传承榜样力量，守护音乐梦想，坚持初心，「益」起前行，助力更多有音乐梦想的孩子[心],https://weibo.com/1337191730/LnnHVb90Y,0,0,0
4755726587660370,2022-04-07 21:10:38,小丸子好好玩,https://weibo.com/u/7473443411,//@微公益:#看见公益# @北斗星空爱心基金 将会接过邓小岚老人的榜样接力棒，让更多孩子有机会像马兰花合唱团一样，站在世界舞台，对话日月星辰。#星光公益力#,https://weibo.com/7473443411/LnnHAw8Om,0,0,0
4755726587137045,2022-04-07 21:10:38,收纳盒48,https://weibo.com/u/5139922673,//@Star晨露:[心]//@北斗星空张杰歌迷会:#张杰[超话]#传承榜样力量，守护音乐梦想，坚持初心，「益」起前行，助力更多有音乐梦想的孩子[心],https://weibo.com/5139922673/LnnHAtWFD,0,0,0
4755726402590267,2022-04-07 21:09:54,阿蔡可不是一颗花椰菜,https://weibo.com/u/6074132468,让每个有音乐梦的孩子有肩膀可站💙//@北斗星空张杰歌迷会:#张杰[超话]#传承榜样力量，守护音乐梦想，坚持初心，「益」起前行，助力更多有音乐梦想的孩子[心],https://weibo.com/6074132468/LnnHiaRQv,0,0,0
4755726284623821,2022-04-07 21:09:26,Hijgilovey,https://weibo.com/u/5945203745,传承榜样力量 守护音乐梦想[心]//@北斗星空张杰歌迷会:#张杰[超话]#传承榜样力量，守护音乐梦想，坚持初心，「益」起前行，助力更多有音乐梦想的孩子[心],https://weibo.com/5945203745/LnnH6joRL,0,0,0
4755726251331764,2022-04-07 21:09:18,糖筱妖z,https://weibo.com/u/3510328391,#和张杰益起来#//@北斗星空张杰歌迷会:#张杰[超话]#传承榜样力量，守护音乐梦想，坚持初心，「益」起前行，助力更多有音乐梦想的孩子[心],https://weibo.com/3510328391/LnnH35As4,0,0,0
4755726084082529,2022-04-07 21:08:38,我终将登上王座俯瞰人间,https://weibo.com/u/6576842576,[心]//@北斗星空张杰歌迷会:#张杰[超话]#传承榜样力量，守护音乐梦想，坚持初心，「益」起前行，助力更多有音乐梦想的孩子[心],https://weibo.com/6576842576/LnnGMh83f,0,0,0
4755726075168099,2022-04-07 21:08:35,有老张牌的星星糖吗,https://weibo.com/u/6148265254,和@张杰 益起来//@北斗星空张杰歌迷会:#张杰[超话]#传承榜样力量，守护音乐梦想，坚持初心，「益」起前行，助力更多有音乐梦想的孩子[心],https://weibo.com/6148265254/LnnGLlGsr,0,0,0
4755725987351921,2022-04-07 21:08:15,样样94样样,https://weibo.com/u/6090406757,//@北斗星空张杰歌迷会:#张杰[超话]#传承榜样力量，守护音乐梦想，坚持初心，「益」起前行，助力更多有音乐梦想的孩子[心],https://weibo.com/6090406757/LnnGCuQzn,0,0,0
4755725593874060,2022-04-07 21:06:41,ZJ看呐看,https://weibo.com/u/6508255288,#星光公益# 和张杰益起来#和张杰益起来#,https://weibo.com/6508255288/LnnFZgfOQ,0,0,0
4755725572377207,2022-04-07 21:06:36,我是lililili哩哩吖,https://weibo.com/u/3708744963,#和张杰益起来#传承榜样力量，守护音乐梦想[心] //@北斗星空张杰歌迷会:#张杰[超话]#传承榜样力量，守护音乐梦想，坚持初心，「益」起前行，助力更多有音乐梦想的孩子[心],https://weibo.com/3708744963/LnnFX9Yq3,0,0,0
4755725489015275,2022-04-07 21:06:16,不悬真的不悬,https://weibo.com/u/3018130875,传承榜样力量，守护音乐梦想，坚持初心，「益」起前行，助力更多有音乐梦想的孩子[心],https://weibo.com/3018130875/LnnFOBPhF,0,0,0
4755725450746048,2022-04-07 21:06:07,阳光下的星你,https://weibo.com/u/3962391451,和张杰益起来[心],https://weibo.com/3962391451/LnnFL3852,0,0,0
4755725244694869,2022-04-07 21:05:17,下期预告_,https://weibo.com/u/6805873655,//@北斗星空张杰歌迷会:#张杰[超话]#传承榜样力量，守护音乐梦想，坚持初心，「益」起前行，助力更多有音乐梦想的孩子[心],https://weibo.com/6805873655/LnnFqjHlH,0,0,0
4755725232378501,2022-04-07 21:05:15,李峥嵘,https://weibo.com/u/1650528691,//@星光公益联盟:#星光公益力# 榜样的力量在传承,https://weibo.com/1650528691/LnnFp9YKV,1,1,3
4755725152684518,2022-04-07 21:04:56,依倪-Nikki,https://weibo.com/u/1748852451,//@北斗星空张杰歌迷会:#张杰[超话]#传承榜样力量，守护音乐梦想，坚持初心，「益」起前行，助力更多有音乐梦想的孩子[心],https://weibo.com/1748852451/LnnFhbgmG,0,0,0
4755725047829724,2022-04-07 21:04:31,嗯啊那是去你的吧,https://weibo.com/u/3735144964,[心],https://weibo.com/3735144964/LnnF6wQRS,0,0,0
4755725014534489,2022-04-07 21:04:22,那个柠檬味的33,https://weibo.com/u/5856878468,偶像正能量[心]//@北斗星空张杰歌迷会:#张杰[超话]#传承榜样力量，守护音乐梦想，坚持初心，「益」起前行，助力更多有音乐梦想的孩子[心],https://weibo.com/5856878468/LnnF3j1CV,0,0,0
4755724996971731,2022-04-07 21:04:19,玛丽玛丽长大吧,https://weibo.com/u/6419207287,//@北斗星空张杰歌迷会:#张杰[超话]#传承榜样力量，守护音乐梦想，坚持初心，「益」起前行，助力更多有音乐梦想的孩子[心],https://weibo.com/6419207287/LnnF1tfFh,0,0,0
4755724741643963,2022-04-07 21:03:18,秋日出逃靓崽,https://weibo.com/u/5170914728,#和张杰益起来# //@北斗星空张杰歌迷会:#张杰[超话]#传承榜样力量，守护音乐梦想，坚持初心，「益」起前行，助力更多有音乐梦想的孩子[心],https://weibo.com/5170914728/LnnEC6TFx,0,0,0
4755724687114479,2022-04-07 21:03:04,午后棏夏天,https://weibo.com/u/5493862941,//@北斗星空张杰歌迷会:#张杰[超话]#传承榜样力量，守护音乐梦想，坚持初心，「益」起前行，助力更多有音乐梦想的孩子[心],https://weibo.com/5493862941/LnnEwtQNF,0,0,0
4755724586194064,2022-04-07 21:02:41,setllaTX,https://weibo.com/u/3868911623,和张杰益起来！助力更多有音乐梦想的孩子[心],https://weibo.com/3868911623/LnnEmpZmg,0,0,2
4755724539792224,2022-04-07 21:02:30,一碗冰镇汤圆,https://weibo.com/u/5698500255,传承榜样力量，守护音乐梦想[音乐]//@北斗星空张杰歌迷会:#张杰[超话]#传承榜样力量，守护音乐梦想，坚持初心，「益」起前行，助力更多有音乐梦想的孩子[心],https://weibo.com/5698500255/LnnEhF5p6,0,0,0
4755724405836473,2022-04-07 21:01:58,哈哼要开心,https://weibo.com/u/6595925803,[心],https://weibo.com/6595925803/LnnE4oukF,0,0,0
4755724326145694,2022-04-07 21:01:39,z密绾同心苣,https://weibo.com/u/6418702081,//@北斗星空张杰歌迷会:#张杰[超话]#传承榜样力量，守护音乐梦想，坚持初心，「益」起前行，助力更多有音乐梦想的孩子[心],https://weibo.com/6418702081/LnnDWpMM6,0,0,0
4755724310418115,2022-04-07 21:01:35,我是丁晶晶·,https://weibo.com/u/6013726529,//@北斗星空张杰歌迷会:#张杰[超话]#传承榜样力量，守护音乐梦想，坚持初心，「益」起前行，助力更多有音乐梦想的孩子[心],https://weibo.com/6013726529/LnnDV1KLN,1,0,4
4755723851928110,2022-04-07 20:59:46,小Ustar,https://weibo.com/u/6274743197,和张杰益起来！让有音乐梦想的孩子都有肩膀可站[心]//@北斗星空张杰歌迷会:#张杰[超话]#传承榜样力量，守护音乐梦想，坚持初心，「益」起前行，助力更多有音乐梦想的孩子[心],https://weibo.com/6274743197/LnnDb85Ay,0,0,0
4755723835147303,2022-04-07 20:59:41,想改又不知道改啥·,https://weibo.com/u/5691040950,//@北斗星空张杰歌迷会:#张杰[超话]#传承榜样力量，守护音乐梦想，坚持初心，「益」起前行，助力更多有音乐梦想的孩子[心],https://weibo.com/5691040950/LnnD9lB31,0,0,0
4755723823612570,2022-04-07 20:59:38,是你的_清儿吖i,https://weibo.com/u/5175481480,传承榜样力量💪，和@张杰 一起守护乡村娃娃的音乐梦想//@北斗星空张杰歌迷会:#张杰[超话]#传承榜样力量，守护音乐梦想，坚持初心，「益」起前行，助力更多有音乐梦想的孩子[心],https://weibo.com/5175481480/LnnD8f9Ng,0,0,0
4755723776429502,2022-04-07 20:59:28,臭宝的小可爱6,https://weibo.com/u/7551195293,//@北斗星空张杰歌迷会:#张杰[超话]#传承榜样力量，守护音乐梦想，坚持初心，「益」起前行，助力更多有音乐梦想的孩子[心],https://weibo.com/7551195293/LnnD3qYBE,0,0,2
4755723575626890,2022-04-07 20:58:40,可爱星星2072653175,https://weibo.com/u/2072653175,#看见公益# #星光公益力#,https://weibo.com/2072653175/LnnCJnBOi,0,0,0
4755723512976187,2022-04-07 20:58:25,当一颗ZJ的星星,https://weibo.com/u/5113365518,#和张杰益起来# [心][心][心],https://weibo.com/5113365518/LnnCDcuf1,0,0,0
4755723424368544,2022-04-07 20:58:03,愿以百年兮杰,https://weibo.com/u/3885361586,#和张杰益起来# [心]//@北斗星空张杰歌迷会:#张杰[超话]#传承榜样力量，守护音乐梦想，坚持初心，「益」起前行，助力更多有音乐梦想的孩子[心],https://weibo.com/3885361586/LnnCuikso,0,0,0
4755723386361267,2022-04-07 20:57:55,bia唧橙-,https://weibo.com/u/6176040949,[心]//@北斗星空张杰歌迷会:#张杰[超话]#传承榜样力量，守护音乐梦想，坚持初心，「益」起前行，助力更多有音乐梦想的孩子[心],https://weibo.com/6176040949/LnnCqqGR5,0,0,0
4755723232479226,2022-04-07 20:57:18,我想改个没人用过的名字行不行,https://weibo.com/u/1752132233,//@北斗星空张杰歌迷会:#张杰[超话]#传承榜样力量，守护音乐梦想，坚持初心，「益」起前行，助力更多有音乐梦想的孩子[心],https://weibo.com/1752132233/LnnCbaoXw,0,0,0
4755723202858889,2022-04-07 20:57:11,珂追随杰happy,https://weibo.com/u/3780074342,[心]//@北斗星空张杰歌迷会:#张杰[超话]#传承榜样力量，守护音乐梦想，坚持初心，「益」起前行，助力更多有音乐梦想的孩子[心],https://weibo.com/3780074342/LnnC8bZJ7,0,0,0
4755723172711369,2022-04-07 20:57:04,摘星星给你呀·,https://weibo.com/u/5792216821,和@张杰 益起来 一起守护爱音乐的孩子[心]//@北斗星空张杰歌迷会:#张杰[超话]#传承榜样力量，守护音乐梦想，坚持初心，「益」起前行，助力更多有音乐梦想的孩子[心],https://weibo.com/5792216821/LnnC5bnlL,0,0,0
4755723148593499,2022-04-07 20:56:58,柠檬味der可乐,https://weibo.com/u/5987085599,榜样的力量//@北斗星空张杰歌迷会:#张杰[超话]#传承榜样力量，守护音乐梦想，坚持初心，「益」起前行，助力更多有音乐梦想的孩子[心],https://weibo.com/5987085599/LnnC2A3yP,0,0,0
4755723138894486,2022-04-07 20:56:56,·Jason_holic·,https://weibo.com/u/6123108687,//@北斗星空张杰歌迷会:#张杰[超话]#传承榜样力量，守护音乐梦想，坚持初心，「益」起前行，助力更多有音乐梦想的孩子[心],https://weibo.com/6123108687/LnnC1BjRs,0,0,0
4755723130768067,2022-04-07 20:56:54,冷雨瑾久伴Winnie,https://weibo.com/u/3305848461,和@张杰“益” 起来来守护音乐梦想，坚持初心❤️//@北斗星空张杰歌迷会:#张杰[超话]#传承榜样力量，守护音乐梦想，坚持初心，「益」起前行，助力更多有音乐梦想的孩子[心],https://weibo.com/3305848461/LnnC13dOb,0,0,0
4755723073098687,2022-04-07 20:56:40,中国人口福利基金会,https://weibo.com/u/2159557473,#看见公益# 感谢音乐的连接和传递，让更多孩子有机会像马兰花合唱团一样，站在世界舞台，对话日月星辰。[中国赞]#星光公益力#,https://weibo.com/2159557473/LnnBVd06P,0,2,0
4755723060514227,2022-04-07 20:56:37,懂得但无言·,https://weibo.com/u/6265042332,//@北斗星空张杰歌迷会:#张杰[超话]#传承榜样力量，守护音乐梦想，坚持初心，「益」起前行，助力更多有音乐梦想的孩子[心],https://weibo.com/6265042332/LnnBU29LZ,1,0,1
4755723059987658,2022-04-07 20:56:37,你超甜哒,https://weibo.com/u/5776258855,//@北斗星空张杰歌迷会:#张杰[超话]#传承榜样力量，守护音乐梦想，坚持初心，「益」起前行，助力更多有音乐梦想的孩子[心],https://weibo.com/5776258855/LnnBTFUfg,0,0,1
4755722925512628,2022-04-07 20:56:05,星星味de优乐美,https://weibo.com/u/6369605950,偶像的力量 ，和张杰一起益起来，让更多有音乐梦想的孩子有学上//@北斗星空张杰歌迷会:#张杰[超话]#传承榜样力量，守护音乐梦想，坚持初心，「益」起前行，助力更多有音乐梦想的孩子[心],https://weibo.com/6369605950/LnnBGn85m,0,0,0
4755722849488792,2022-04-07 20:55:47,star520jasonforever,https://weibo.com/u/5860572210,[抱一抱],https://weibo.com/5860572210/LnnByDOt2,0,0,0
4755722832970749,2022-04-07 20:55:42,红蓝白和未知,https://weibo.com/u/1112723033,[抱一抱]//@北斗星空张杰歌迷会:#张杰[超话]#传承榜样力量，守护音乐梦想，坚持初心，「益」起前行，助力更多有音乐梦想的孩子[心],https://weibo.com/1112723033/LnnBxcsPj,0,0,0
4755722820912834,2022-04-07 20:55:40,VlS謃夂杰哥__江江,https://weibo.com/u/3607626490,#张杰[超话]#[心],https://weibo.com/3607626490/LnnBw3Pt8,0,0,0
4755722690628181,2022-04-07 20:55:09,张张张_爱人,https://weibo.com/u/5074258425,偶像正能量，和@张杰 一起助力和守护更多孩子的音乐梦想[心]//@北斗星空张杰歌迷会:#张杰[超话]#传承榜样力量，守护音乐梦想，坚持初心，「益」起前行，助力更多有音乐梦想的孩子[心],https://weibo.com/5074258425/LnnBj2DpX,0,0,1
4755722673328414,2022-04-07 20:55:05,Star满天星辰不及你,https://weibo.com/u/5160879029,//@北斗星空张杰歌迷会:#张杰[超话]#传承榜样力量，守护音乐梦想，坚持初心，「益」起前行，助力更多有音乐梦想的孩子[心],https://weibo.com/5160879029/LnnBhdXS6,0,0,0
4755722548281782,2022-04-07 20:54:34,洪烦烦,https://weibo.com/u/2438621754,"和@张杰"" 益""起来//@北斗星空张杰歌迷会:#张杰[超话]#传承榜样力量，守护音乐梦想，坚持初心，「益」起前行，助力更多有音乐梦想的孩子[心]",https://weibo.com/2438621754/LnnB4yKt8,0,0,0
4755722447098745,2022-04-07 20:54:11,利奥利冲冲冲hin,https://weibo.com/u/2965236917,//@北斗星空张杰歌迷会:#张杰[超话]#传承榜样力量，守护音乐梦想，坚持初心，「益」起前行，助力更多有音乐梦想的孩子[心],https://weibo.com/2965236917/LnnAUtMHT,0,0,0
4755722381039163,2022-04-07 20:53:55,X·解辰七,https://weibo.com/u/5231884632,//@北斗星空张杰歌迷会:#张杰[超话]#传承榜样力量，守护音乐梦想，坚持初心，「益」起前行，助力更多有音乐梦想的孩子[心],https://weibo.com/5231884632/LnnAO4mkH,0,0,0
4755722245508778,2022-04-07 20:53:23,张三李十二,https://weibo.com/u/5528482252,转发微博,https://weibo.com/5528482252/LnnAAn75g,0,0,0
4755722242101390,2022-04-07 20:53:22,绿芽正安抚着枯枝,https://weibo.com/u/5151519546,[心]//@北斗星空张杰歌迷会:#张杰[超话]#传承榜样力量，守护音乐梦想，坚持初心，「益」起前行，助力更多有音乐梦想的孩子[心],https://weibo.com/5151519546/LnnAA8OFo,0,0,0
4755722149827202,2022-04-07 20:53:00,小闹闹是个大可爱,https://weibo.com/u/2725081201,和@张杰 益起来[送花花],https://weibo.com/2725081201/LnnAqFevg,0,0,0
4755722140650835,2022-04-07 20:52:58,张老师的琦崽·,https://weibo.com/u/5128108637,[心]//@北斗星空张杰歌迷会:#张杰[超话]#传承榜样力量，守护音乐梦想，坚持初心，「益」起前行，助力更多有音乐梦想的孩子[心],https://weibo.com/5128108637/LnnAq2Jjl,0,0,0
4755722024519311,2022-04-07 20:52:30,鲨鱼吃獭獭,https://weibo.com/u/6783920825,[心]//@北斗星空张杰歌迷会:#张杰[超话]#传承榜样力量，守护音乐梦想，坚持初心，「益」起前行，助力更多有音乐梦想的孩子[心],https://weibo.com/6783920825/LnnAeiXG7,0,0,0
4755721986250894,2022-04-07 20:52:21,楠木笙WY,https://weibo.com/u/5393324243,转发微博,https://weibo.com/5393324243/LnnAaqe8S,0,0,1
4755721952165982,2022-04-07 20:52:12,回不去的夏末秋凉,https://weibo.com/u/5777728814,//@北斗星空张杰歌迷会:#张杰[超话]#传承榜样力量，守护音乐梦想，坚持初心，「益」起前行，助力更多有音乐梦想的孩子[心],https://weibo.com/5777728814/LnnA795tc,0,0,0
4755721911272632,2022-04-07 20:52:02,haaappyeeeveryday,https://weibo.com/u/5434289100,//@北斗星空张杰歌迷会:#张杰[超话]#传承榜样力量，守护音乐梦想，坚持初心，「益」起前行，助力更多有音乐梦想的孩子[心],https://weibo.com/5434289100/LnnA35l4k,0,0,0
4755721898164890,2022-04-07 20:51:59,回不去的夏末秋凉,https://weibo.com/u/5777728814,[心],https://weibo.com/5777728814/LnnA1yg3M,0,0,0
4755721809822452,2022-04-07 20:51:38,阿猪杰杰,https://weibo.com/u/7653915629,//@北斗星空张杰歌迷会:#张杰[超话]#传承榜样力量，守护音乐梦想，坚持初心，「益」起前行，助力更多有音乐梦想的孩子[心],https://weibo.com/7653915629/LnnzSFdgE,0,0,0
4755721680327318,2022-04-07 20:51:08,Star晨露,https://weibo.com/u/5853698651,[心]//@北斗星空张杰歌迷会:#张杰[超话]#传承榜样力量，守护音乐梦想，坚持初心，「益」起前行，助力更多有音乐梦想的孩子[心],https://weibo.com/5853698651/LnnzG1n9k,1,0,0
4755721566820704,2022-04-07 20:50:41,DBD的小星星,https://weibo.com/u/6506988513,//@北斗星空张杰歌迷会:#张杰[超话]#传承榜样力量，守护音乐梦想，坚持初心，「益」起前行，助力更多有音乐梦想的孩子[心],https://weibo.com/6506988513/LnnzusCnm,0,0,0
4755721532475244,2022-04-07 20:50:33,星河玫瑰贩卖处·,https://weibo.com/u/5236626146,💙//@北斗星空张杰歌迷会:#张杰[超话]#传承榜样力量，守护音乐梦想，坚持初心，「益」起前行，助力更多有音乐梦想的孩子[心],https://weibo.com/5236626146/LnnzranVi,0,0,0
4755721495515609,2022-04-07 20:50:24,林以恒的小小学妹·,https://weibo.com/u/5285314215,//@北斗星空张杰歌迷会:#张杰[超话]#传承榜样力量，守护音乐梦想，坚持初心，「益」起前行，助力更多有音乐梦想的孩子[心],https://weibo.com/5285314215/Lnnznn8Rr,0,0,0
4755721466417076,2022-04-07 20:50:17,学生星星星星,https://weibo.com/u/3170938595,[心][心][心]//@北斗星空张杰歌迷会:#张杰[超话]#传承榜样力量，守护音乐梦想，坚持初心，「益」起前行，助力更多有音乐梦想的孩子[心],https://weibo.com/3170938595/LnnzkqVne,0,0,0
4755721419491016,2022-04-07 20:50:06,______寶寶______,https://weibo.com/u/2113157382,//@微博音乐:一起支持乡村孩子们的音乐梦想[心],https://weibo.com/2113157382/LnnzfDP2U,0,0,0
4755721399569685,2022-04-07 20:50:01,曜北斗Star云溪,https://weibo.com/u/2953135767,#张杰[超话]# #看见公益# @北斗星空爱心基金 将会接过邓小岚老人的榜样接力棒，让更多孩子有机会像马兰花合唱团一样，站在世界舞台，对话日月星辰。#星光公益力#,https://weibo.com/2953135767/LnnzdE9vL,0,0,1
4755721361036892,2022-04-07 20:49:52,你是我的小骄傲大太阳,https://weibo.com/u/1712905412,[心]//@北斗星空张杰歌迷会:#张杰[超话]#传承榜样力量，守护音乐梦想，坚持初心，「益」起前行，助力更多有音乐梦想的孩子[心],https://weibo.com/1712905412/Lnnza4lK4,0,0,4
4755721340063061,2022-04-07 20:49:47,Josie蒋蒋,https://weibo.com/u/1767111197,传承榜样力量！//@北斗星空张杰歌迷会:#张杰[超话]#传承榜样力量，守护音乐梦想，坚持初心，「益」起前行，助力更多有音乐梦想的孩子[心],https://weibo.com/1767111197/Lnnz80gp7,0,0,0
4755721332457865,2022-04-07 20:49:44,一路之下_,https://weibo.com/u/6429990065,[心]//@北斗星空张杰歌迷会:#张杰[超话]#传承榜样力量，守护音乐梦想，坚持初心，「益」起前行，助力更多有音乐梦想的孩子[心],https://weibo.com/6429990065/Lnnz7ajoZ,0,0,1
4755721209512548,2022-04-07 20:49:15,树影下的猫咪呀,https://weibo.com/u/5802347196,//@北斗星空张杰歌迷会:#张杰[超话]#传承榜样力量，守护音乐梦想，坚持初心，「益」起前行，助力更多有音乐梦想的孩子[心],https://weibo.com/5802347196/LnnyUDUEc,0,0,0
4755721201386429,2022-04-07 20:49:13,李大大大鹅,https://weibo.com/u/1304702942,感动于北斗的初心与“相信”#张杰音乐梦想教室# //@星光公益联盟:#星光公益力# 榜样的力量在传承,https://weibo.com/1304702942/LnnyU5OFL,0,0,0
4755721152107903,2022-04-07 20:49:02,剑门昂然指碧穹,https://weibo.com/u/7742046004,//@微公益:#看见公益# @北斗星空爱心基金 将会接过邓小岚老人的榜样接力棒，让更多孩子有机会像马兰花合唱团一样，站在世界舞台，对话日月星辰。#星光公益力# ,https://weibo.com/7742046004/LnnyP8Qmr,0,0,0
4755720458997544,2022-04-07 20:46:17,微博音乐,https://weibo.com/u/3252743925,一起支持乡村孩子们的音乐梦想[心],https://weibo.com/3252743925/LnnxHBKFG,7,0,4
4755718102581844,2022-04-07 20:36:54,星光公益联盟,https://weibo.com/u/6107668819,#星光公益力# 榜样的力量在传承,https://weibo.com/6107668819/LnntUaPEE,3,1,3
