Id,Label,Weight
N0,谷阿马,1.0
N1,徐文友,3.0
N2,普若闻巳,1.0
N3,快手,338.0
N4,切格瓦娜,1.0
N5,郑渊洁,131.0
N6,Rani云,2.0
N7,龙泉之城,2.0
N8,微言教育,157.0
N9,人民教育出版社微博,109.0
N10,榆次政法,1.0
N11,晋中政法,1.0
N12,南岳皖风,1.0
N13,柔风细雪01,5.0
N14,薯条小助手,2.0
N15,小红书,11.0
N16,爆璇威珑,4.0
N17,云梦张柏芝,4.0
N18,粤食火锅,4.0
N19,杏子珍斯华哆,4.0
N20,KoYing,4.0
N21,矢口鱼鱼子,1.0
N22,人教版数学教材,1.0
N23,月亮偶踹弯的,2.0
N24,Angell是双子座,10.0
N25,默默大夜猫,1.0
N26,国王咖啡厦门13774692175,3.0
N27,Viat5506908125,3.0
N28,Jarvis乐园,5.0
N29,共青团中央,497.0
N30,人民日报,597.0
N31,共青团北京市12355,5.0
N32,新华社,47.0
N33,新华日报,5.0
N34,一方归人,1.0
N35,假如我能看到未来,2.0
N36,榆木川,11.0
N37,淘气点点点,3.0
N38,sw西南,6.0
N39,孙杨,6.0
N40,罗永浩,6.0
N41,摩登兄弟刘宇宁,6.0
N42,胖子孙越,6.0
N43,岳云鹏,6.0
N44,沈腾,6.0
N45,Pony-吗,11.0
N46,广州日报,11.0
N47,广州全搜索,11.0
N48,广州日报大洋网,11.0
N49,广东发布,11.0
N50,广东新闻网,11.0
N51,广东民声热线,11.0
N52,新闻晨报,14.0
N53,直新闻,15.0
N54,澎拜新闻,11.0
N55,红星新闻,18.0
N56,澎湃新闻,66.0
N57,汉星,1.0
N58,赵薇,1.0
N59,海宝HAOBAO,3.0
N60,罗蔼轩轩,5.0
N61,清风霁月-微尘,5.0
N62,橘子洲头2011,5.0
N63,琥珀平安,2.0
N64,安徽反邪教,126.0
N65,小荷爱微博2001,2.0
N66,飞向星辰大海2020,1.0
N67,男儿当自强677,1.0
N68,人海茫茫202111,4.0
N69,zy-cumt,33.0
N70,迟夙生律师,49.0
N71,刘五一,45.0
N72,北京谢通祥律师,45.0
N73,蜜桃onepiece-,11.0
N74,央视新闻,427.0
N75,法治日报,253.0
N76,复利财经,2.0
N77,新浪财经,2.0
N78,新浪新闻,7.0
N79,刘志勇xj,11.0
N80,煎蛋叁号,2.0
N81,王鹏皓4mZ5,10.0
N82,眼睛累到的我,6.0
N83,寂风之痕6253,1.0
N84,鸡蛋牛奶逗妇乳,16.0
N85,我是幸运的锦鲤鱼,4.0
N86,北京头条,4.0
N87,中央人民广播电台,4.0
N88,全球曝光头条,4.0
N89,央视新闻周刊,4.0
N90,白鹿学堂,14.0
N91,张捷观察-谁是谁非任评说,94.0
N92,明德先生,152.0
N93,普法达人张三,7.0
N94,乌鸦校尉,11.0
N95,思想火炬,15.0
N96,习五一,1.0
N97,范勇鹏-,5.0
N98,龚俊和张哲瀚的粉丝789,2.0
N99,George-13,22.0
N100,机械专利代理人,1.0
N101,胡二摩四先生,4.0
N102,钢铁小蜗牛,8.0
N103,佛心蛊,5.0
N104,Oran猪,5.0
N105,情有独钟2341,1.0
N106,南京中院违法,2.0
N107,叫兽兔,1.0
N108,冷默涵不冷,1.0
N109,弋江区防范宣传,1.0
N110,养兔低手,1.0
N111,一下之前说我考不上美院的人,1.0
N112,沧浪客201807,1.0
N113,人民网,149.0
N114,人民网评,7.0
N115,赵立坚个人微博,167.0
N116,歌华影视,1.0
N117,Rechaa,2.0
N118,呼呼兵,5.0
N119,莫小强_,13.0
N120,光明日报教育部,25.0
N121,紫光阁,219.0
N122,新浪教育,45.0
N123,中央团校,13.0
N124,央视网,13.0
N125,央视一套,13.0
N126,中国新闻网,58.0
N127,中国新闻周刊,256.0
N128,头条新闻,120.0
N129,hohosong,9.0
N130,子贇zy,195.0
N131,观察者网,192.0
N132,萧县反邪,2.0
N133,卍ckxchdsrf,1.0
N134,年少不知ID贵llllllll,1.0
N135,刺莓L,2.0
N136,柠檬可小了,1.0
N137,方青松,9.0
N138,爱读书的小洋洋919,1.0
N139,萨格瓦那燃烧的灰烬,1.0
N140,紫崴星雨,8.0
N141,挂满星河,1.0
N142,阿莎fans,1.0
N143,午饭奶茶熏肉卷,2.0
N144,谢耳朵家里的费曼,90.0
N145,爱米莉Emily,94.0
N146,岁月如依旧,1.0
N147,代号猫奴19867_zai,1.0
N148,A期待yuer,3.0
N149,守望平静006,1.0
N150,三明学院资源与化工学院团委,8.0
N151,三明学院海峡理工学院团委,8.0
N152,三明学院文化传播学院团委,8.0
N153,三明学院管理学院团委,8.0
N154,三明学院教育与音乐学院团委,8.0
N155,三明学院体育与康养学院团委,8.0
N156,三明学院信工学院团委,8.0
N157,三明学院微博协会,8.0
N158,三明学院团委,8.0
N159,CCTV巴德赛尔,3.0
N160,芳远2001,2.0
N161,念念不忘是我的名,1.0
N162,fzj142018,6.0
N163,咬肉3000,4.0
N164,EllenSnow_Nysa在飘雪,8.0
N165,踩蘑菇的小姑娘_mama,9.0
N166,毛茸茸的团子,11.0
N167,四月鲤,10.0
N168,荣茂财经,1.0
N169,荣茂国学智慧,1.0
N170,明天过后YSX,3.0
N171,pep,5.0
N172,moe,74.0
N173,坚持到底hql,4.0
N174,海阔天空528,1.0
N175,美国CNN网,1.0
N176,李实Sebastian,3.0
N177,史老柒,3.0
N178,理想与现实202209,3.0
N179,此君無戲言,3.0
N180,北京-九门提督,1.0
N181,教育部,32.0
N182,平生愿为一侍中,1.0
N183,睿法,1.0
N184,ganfanmachine,4.0
N185,余澜Jxxny,7.0
N186,憶塵丶,9.0
N187,当我不存在JK,27.0
N188,Sunshinerui欢喜,27.0
N189,王律师5118,5.0
N190,凤凰新闻客户端,41.0
N191,彤彤在长安,30.0
N192,Leon_Caesar,1.0
N193,米伊美奥菲斯,1.0
N194,杨楼ing,1.0
N195,月亮是白天的结束,1.0
N196,骄傲的珍珠,2.0
N197,涛哥漫聊,2.0
N198,微博视频,3.0
N199,草根儿001,2.0
N200,快手热点,2.0
N201,老叫化子石器收藏,3.0
N202,老汉2653964185,2.0
N203,小龘koko,2.0
N204,有狼人,14.0
N205,防蛙办秘书Natasza,3.0
N206,nnllbb,9.0
N207,改修闭口禅,1.0
N208,乌合麒麟,183.0
N209,良郎0727,5.0
N210,午时到,2.0
N211,白茶爹,1.0
N212,火箭神州二十号,4.0
N213,张晋温文爾雅,2.0
N214,丁辰灵,10.0
N215,风语智者739,1.0
N216,网易新闻客户端,13.0
N217,梦里拒绝千亿家产99次,1.0
N218,瑶池人满为患,1.0
N219,紫气东来天,1.0
N220,tinsin,8.0
N221,中国长安网,47.0
N222,勇敢面对假如我做官,1.0
N223,过世者硬行人间,1.0
N224,热情的无知,1.0
N225,双滋电影总部光哥,1.0
N226,恬啊啊呗,2.0
N227,河南村镇银行还我钱200707,11.0
N228,中国政府网,294.0
N229,央行微播,11.0
N230,央视社会与法,11.0
N231,光明网,11.0
N232,凤凰金亮,11.0
N233,财经知识分享官,11.0
N234,上海证券报,11.0
N235,财会信报,11.0
N236,梨视频,11.0
N237,侃爷财经,11.0
N238,证券时报,11.0
N239,90后丧系青年,2.0
N240,财经网,2.0
N241,凤凰周刊,2.0
N242,灰灰2510,2.0
N243,因热爱而自由,1.0
N244,妞妞不抽烟,1.0
N245,美人他们说我,1.0
N246,Unknown猥瑣阿叔,4.0
N247,dennisjiang_SH02,16.0
N248,泠度不是冷度,18.0
N249,过河的石头-GB,2.0
N250,宁夏政法,1.0
N251,soupoO根,1.0
N252,用户6434025362,1.0
N253,hyhero-微言博义,2.0
N254,编剧盛世小评姒传双,1.0
N255,手绘风俗风情,1.0
N256,骨科阿伦,1.0
N257,湖南工业大学青志联体育学院分会,1.0
N258,湖南工业大学青年志愿者联合会,1.0
N259,苍烟野鹤,7.0
N260,为了打造品质,2.0
N261,梦angell,3.0
N262,沙漠金狐_48420_302,15.0
N263,手机用户2172968457,1.0
N264,淘淘宝tt,1.0
N265,莲莲200411,1.0
N266,上海君子道场,10.0
N267,深圳市人民检察院,1.0
N268,怀念过去的一切68295,1.0
N269,一点星光微微亮,1.0
N270,肖xz走,1.0
N271,教育局,12.0
N272,咸鱼仍有梦二号机,2.0
N273,导演戎震,5.0
N274,爽朗的金角大王,2.0
N275,B612小星星一闪一闪亮晶晶,3.0
N276,MutekiDaDa,5.0
N277,滚玉,9.0
N278,柯柯不可,2.0
N279,小妖精523,7.0
N280,北京日报,12.0
N281,意志坚强的跨越,4.0
N282,大树guoan,1.0
N283,宿松正道,4.0
N284,水番金匀,1.0
N285,重庆九龙坡法院,2.0
N286,西部决策L西部决策的微博视频,1.0
N287,魏运高298632,1.0
N288,海船长1026,1.0
N289,用户5321526063,1.0
N290,爱江山更爱美仁,1.0
N291,街拍邯郸,1.0
N292,西部决策,25.0
N293,邯郸之窗,1.0
N294,广东检察,1.0
N295,我的个神6008073899,1.0
N296,小草niu,1.0
N297,对想见你,2.0
N298,王雨48144,4.0
N299,蜡康康,8.0
N300,现代抽象派,11.0
N301,汤圆圆和黑脸脸,30.0
N302,上海动物园,30.0
N303,北京动物园微博,29.0
N304,国家林业和草原局,29.0
N305,正北正东,4.0
N306,浪里赤条小粗林,4.0
N307,熠熠Yaya,2.0
N308,kylin1717,2.0
N309,NOSTUPID3,5.0
N310,水每水定区公民,2.0
N311,我係曾先森吖,2.0
N312,晓余,2.0
N313,安小逸插画,2.0
N314,尤瓦尔诺亚赫拉利,2.0
N315,武汉视觉艺术研究,3.0
N316,司马南,180.0
N317,透视频,7.0
N318,用户5320885429,3.0
N319,天祝县融媒体中心,1.0
N320,甘肃发布,1.0
N321,罗庄发布,1.0
N322,战争非主谋,1.0
N323,行健Ldx,2.0
N324,勺与,2.0
N325,一雙拖鞋行天涯,4.0
N326,武汉市文化和旅游局,4.0
N327,新浪旅游,4.0
N328,新浪湖北,4.0
N329,湖北省文化和旅游厅,4.0
N330,蚌埠反邪教,2.0
N331,咖啡树6161139213,1.0
N332,搜狐新闻客户端,1.0
N333,潘集政法,2.0
N334,纳凉鸣竹,2.0
N335,人教网官方微博,4.0
N336,邱江杰Q_176,3.0
N337,赖皮Juglans,2.0
N338,了201704,2.0
N339,清江廉风,2.0
N340,刚子聊生活,1.0
N341,微博影集,2.0
N342,紫苹果的秘密,1.0
N343,我爱王一博他真好,2.0
N344,达旗政法委,1.0
N345,旌旗长缨,4.0
N346,潞祤,4.0
N347,南海潮V,3.0
N348,四季繁花相伴,3.0
N349,国家新闻出版署,3.0
N350,Danish陳,1.0
N351,人民教育出版,1.0
N352,有爱花酿,1.0
N353,小土大橙子,2.0
N354,方向的探索者之快人快语,3.0
N355,摩竭雁南飞11,1.0
N356,湖北大学校团委,1.0
N357,长沙政法,1.0
N358,跟腐败分子做斗争,2.0
N359,上上谋-品牌策划,2.0
N360,風徽草堂,2.0
N361,侠客岛,8.0
N362,低卡与毛线,1.0
N363,开始只是为结束丶,1.0
N364,和林县委政法委,1.0
N365,叶芝叶,1.0
N366,奶泡泡童17310695780,1.0
N367,百姓申冤111,1.0
N368,Opps_Moonlight,2.0
N369,诗亦Liu0310,1.0
N370,我要用心对待你,1.0
N371,董苳苳,10.0
N372,逆行者258,1.0
N373,种花家的Alicia,1.0
N374,Aliphoto,2.0
N375,地瓜熊老六,142.0
N376,Tok托尼,1.0
N377,杂乱无章叽叽歪歪,1.0
N378,聚宝鹏1992,4.0
N379,中国教育电视台,29.0
N380,中国教育报,23.0
N381,用户6008734417,1.0
N382,芜湖检察,1.0
N383,正义网,2.0
N384,张泰霖,4.0
N385,侯宁,8.0
N386,饱乐促和谐反极端,11.0
N387,联合国儿童基金会,6.0
N388,rosepy燕子,1.0
N389,小菠萝Slience,2.0
N390,魔人布欧板绘,1.0
N391,萋满别情,44.0
N392,OH-JIE,6.0
N393,沃腻玛,2.0
N394,QvQ奔腾吧透明星人,1.0
N395,围脖一锅出,2.0
N396,凌拾伍的猫,1.0
N397,桀骜的莲,1.0
N398,黑旋风2276954993,1.0
N399,恒仪666,1.0
N400,西北旺10号频道,1.0
N401,七环视频,2.0
N402,卐墨雨卍,2.0
N403,民族美术付爱民,2.0
N404,旅行的小麦,2.0
N405,Ellen的梦很简单,6.0
N406,中国教育在线,6.0
N407,中国教育研究,19.0
N408,宝贝丶不哭-,2.0
N409,用户1773351395,1.0
N410,笔画笙_,1.0
N411,宝宝說她不喜欢這様,1.0
N412,Oy7ldu0,1.0
N413,a西南科技大学数理学院学习部,1.0
N414,西南科大学生会学习部,1.0
N415,Christine·余生简单,1.0
N416,不知道改啥名但就是有想长长名字,1.0
N417,cookie澜,1.0
N418,不信邪201710,1.0
N419,林盛小白兔,1.0
N420,业余的YU,1.0
N421,仙岛湖船家,1.0
N422,向阳花de幸福,1.0
N423,网易科技频道,1.0
N424,派财经官微,7.0
N425,用户8流风回雪6,1.0
N426,千佛山下的风,3.0
N427,济南教育微播报,3.0
N428,济南12345,3.0
N429,山东省教育厅,3.0
N430,xsheng_li,1.0
N431,自贡教育体育,1.0
N432,四川教育发布,1.0
N433,手机用户2756924533,1.0
N434,热爱美好生活的珍妮,17.0
N435,人民公安报,17.0
N436,腾讯新闻,10.0
N437,金衢九维,1.0
N438,玉虚龙宇君,54.0
N439,中国反邪教,61.0
N440,劉德華範,51.0
N441,方方,51.0
N442,有狐噢狐狐,54.0
N443,汪海林,51.0
N444,金碟打牌,51.0
N445,我有辣味跟我走,51.0
N446,午夜南瓜SQL,51.0
N447,AutoportraitVanGogh,51.0
N448,别扒拉颜狗,51.0
N449,川崎BGM归来,51.0
N450,起肖蔷,51.0
N451,胜利主义章北海,58.0
N452,拆台CT,51.0
N453,盘艺,2.0
N454,启贺,4.0
N455,刘凯敬,3.0
N456,春夏秋冬四季a,1.0
N457,广东新闻联播,1.0
N458,祖国统一055,1.0
N459,斯迈特汽保,1.0
N460,猛然君,1.0
N461,科技重症者,1.0
N462,果壳趣科,1.0
N463,漫步人生路图,1.0
N464,周希澈zz,1.0
N465,一兜寡言,1.0
N466,用户5805276729,3.0
N467,韩诺清羽,1.0
N468,好啄木鸟,1.0
N469,狂奔的蜗牛3131430423,1.0
N470,那个角落的男孩,2.0
N471,上帝之鹰_5zn,2.0
N472,帝吧官微,13.0
N473,微时讯999,2.0
N474,风清扬945,1.0
N475,格桑察悟,1.0
N476,用户5984597396,1.0
N477,秦皇岛网络辟谣,1.0
N478,中国网信杂志,1.0
N479,Angela_Wang3,1.0
N480,打烊23,1.0
N481,成都大学法学院,3.0
N482,成大青年,3.0
N483,成都大学学生宿管会,3.0
N484,成大建筑与土木工程学院,3.0
N485,Xin_Yu_Xuan,1.0
N486,扫黄打非,16.0
N487,年轻的苦咖啡110,3.0
N488,无法再圆的梦,1.0
N489,芬芳杜若sdr,46.0
N490,中国之声,46.0
N491,视觉中国,46.0
N492,极目新闻,46.0
N493,北疆女声,1.0
N494,我是学前班,2.0
N495,嗑cp的绮,1.0
N496,秋霜何处,2.0
N497,用户7339050173一力,2.0
N498,内内吖,4.0
N499,中国青年网,4.0
N500,中国警方在线,4.0
N501,咖啡红茶2002,1.0
N502,校园儿日记本,1.0
N503,沸点壹刻,5.0
N504,sundy_51407,1.0
N505,春日序曲12138,1.0
N506,凭啥推给我的都是bl没有gl,3.0
N507,巧工记,1.0
N508,嘿嘿嘿嘿黑嘿黑,1.0
N509,稀土高新长安网,1.0
N510,内蒙古法制报官方微博,1.0
N511,竹子198412,1.0
N512,失得千虑,1.0
N513,生命的遗迹,1.0
N514,什么时候可以当一次锦鲤,1.0
N515,地址不对丶你在哪,1.0
N516,威海播报,1.0
N517,嘎嘣脆6888,1.0
N518,心若向阳无畏悲伤33,2.0
N519,DoNews,1.0
N520,商业秀V,1.0
N521,法治新都,1.0
N522,安宁检察O网页链接,1.0
N523,百色新闻网,1.0
N524,互联网时雨说,1.0
N525,互联网产品小石,1.0
N526,可以83230,1.0
N527,乔哥的精彩世界,1.0
N528,土豆冲冲冲,1.0
N529,海曙发布,1.0
N530,山丹发布,1.0
N531,LilyYlltn颜,2.0
N532,广州铁路,1.0
N533,连云港校园,1.0
N534,淡漠丶涐的噯_406,1.0
N535,井岗镇综治中心,1.0
N536,唐山广播电视报,1.0
N537,微博读书,1.0
N538,用户5857938493,1.0
N539,新浪科技,1.0
N540,绵阳日报社,1.0
N541,泰山检察,1.0
N542,锦州太和区检察院,1.0
N543,临夏州司法局官博,2.0
N544,甘肃省司法厅官微,3.0
N545,陇原政法,4.0
N546,繁昌防范,2.0
N547,杨庙正道,4.0
N548,李太太高,1.0
N549,番茄大花卷儿,1.0
N550,原来是肥肥肥鹤鹤鹤,2.0
N551,抽风的蚊香,2.0
N552,柠檬味海岛,1.0
N553,营养科普汤哥,1.0
N554,河北广电,1.0
N555,糖耳朵不乖,2.0
N556,美美小三毛,1.0
N557,今日双流,1.0
N558,青春离歌2010,10.0
N559,大河报,19.0
N560,第一财经日报,10.0
N561,凤凰网财经,10.0
N562,沸点视频,10.0
N563,南京广播电视台,10.0
N564,南京日报,10.0
N565,昆明晋宁发布,1.0
N566,太白检察,1.0
N567,灵璧县向阳镇,2.0
N568,江门广播电视台,1.0
N569,风情影竹,2.0
N570,合肥反邪教,2.0
N571,聆神钟,6.0
N572,半月谈,142.0
N573,实在才幸运,1.0
N574,中国基金报,1.0
N575,九三检察,1.0
N576,清华大学,33.0
N577,法制日报,9.0
N578,YPeanng,1.0
N579,望月杀,1.0
N580,长丰正道,4.0
N581,绵阳新闻网,1.0
N582,扬66,2.0
N583,嘉峪关政法,1.0
N584,天津校园,2.0
N585,正义雷,1.0
N586,厚朴之,2.0
N587,韶山冲的红太阳,2.0
N588,合肥逍遥jin清韵,1.0
N589,新闻大连,1.0
N590,糖水小,1.0
N591,泡泡玛特,1.0
N592,隘口乡正道,2.0
N593,弎末,1.0
N594,大青海网,1.0
N595,行过万里山河的梦想,1.0
N596,昆明市西山区发布,1.0
N597,天合联盟河城航空,2.0
N598,丹丹249822684,1.0
N599,青晨视频,1.0
N600,张博律师,1.0
N601,云南峨山,1.0
N602,雨Z吹倒D了一X座山,2.0
N603,孺子牛程,1.0
N604,遂川政法,1.0
N605,我爱云雨雪烟花,2.0
N606,ZAKER,1.0
N607,宁波镇海检察,1.0
N608,新华播报肖华,1.0
N609,何北渣男,5.0
N610,安徽检察,1.0
N611,zoey166,2.0
N612,双桦检察,1.0
N613,贫贱不能幽默,3.0
N614,钺人戈,3.0
N615,是谁捡到我的高跟鞋,3.0
N616,曾经的月光鱼,3.0
N617,没啥来啥,1.0
N618,为发神经而生,3.0
N619,1048苏州交通广播,3.0
N620,如意堂主-2013,1.0
N621,新闻姐,9.0
N622,喝了一杯甜咖啡,5.0
N623,胡建元微博,2.0
N624,向阳20091,2.0
N625,妍无止境,1.0
N626,安崇民,1.0
N627,赵小懒的森林,1.0
N628,DT耶啵biu,1.0
N629,南泥湾199805,2.0
N630,用户7363601391,1.0
N631,用户5829726506,1.0
N632,信命就这样,4.0
N633,真爱与幸福随行,2.0
N634,安康政法,1.0
N635,zfw平安浦城,1.0
N636,阿龙哥BLOG,1.0
N637,度日淤青,1.0
N638,扬州电台江都广播,1.0
N639,扬帆手机频道,1.0
N640,徐徐海风0809,1.0
N641,用户6463709039,2.0
N642,英姿-木兰,5.0
N643,璞玉无痕,6.0
N644,环球时报,10.0
N645,华夏-铁血中伟,2.0
N646,今日毕节,1.0
N647,孔令泉记者,1.0
N648,O教育部成立调查组全面彻查教材插图问题,1.0
N649,狼就该吃肉,10.0
N650,西充交警,2.0
N651,老北京啊,1.0
N652,电白检察,1.0
N653,残昼2010,1.0
N654,有你肩宽,1.0
N655,菩提心7087,1.0
N656,3生石-往大同,1.0
N657,看了都知道,1.0
N658,SYZJHBS,1.0
N659,无量山夫,1.0
N660,手机用户农民工新时代民族脊梁,1.0
N661,爱股票APP,1.0
N662,宋中清主任律师,1.0
N663,金色之旅208,1.0
N664,新魅力校园,1.0
N665,乡下客,1.0
N666,迷茫-yqy,1.0
N667,老记宋军,1.0
N668,水果小小鹿,4.0
N669,無涯小書生,8.0
N670,乐啊童,17.0
N671,洛梅笙,15.0
N672,光辉网,1.0
N673,酒叭叭叭叭叭,2.0
N674,陈sir在线,2.0
N675,莹兒079,1.0
N676,发现广丰,2.0
N677,徽州反邪教,3.0
N678,小帅哥2318,2.0
N679,xxxVeronica1031,2.0
N680,南通叶SIR,3.0
N681,0527小虾米,5.0
N682,上海身边事,2.0
N683,六安天海通讯,2.0
N684,莹兒之我是我自己015,1.0
N685,申城大小事,1.0
N686,通信快报,1.0
N687,六安城事,1.0
N688,无声细雨201003,7.0
N689,水泊武松,41.0
N690,小老太9,1.0
N691,xinrui6868,3.0
N692,幸福平安三里庵,5.0
N693,欧阳志远来,2.0
N694,扎西德勒,3.0
N695,王凤武202205,3.0
N696,风语扶余,3.0
N697,北冥有条鱼在飞,2.0
N698,来拔牙啊谁怕谁,2.0
N699,第一播报,2.0
N700,落落大方的人,2.0
N701,心有信息树,24.0
N702,何春银微想,24.0
N703,孟祥远,24.0
N704,叶青,24.0
N705,吴世柱圣典律师,24.0
N706,江苏道法自然,24.0
N707,江苏梁,24.0
N708,草原书怀-财经讯息,24.0
N709,吴翔华住房市场与政策,24.0
N710,南京大俭,24.0
N711,大丰老季,24.0
N712,南京微博名人汇,24.0
N713,白鹤-老邓,24.0
N714,Tianzicainal,2.0
N715,弗安叶丹,2.0
N716,王先森想吃芋圆,2.0
N717,丿白鲨,2.0
N718,轩墨之家,3.0
N719,龙福山庄青青,2.0
N720,洪武大帝朱元璋200207,1.0
N721,慕繁漪,2.0
N722,中商微视点,2.0
N723,无锡夏雨,1.0
N724,攸荧国风摄影,1.0
N725,Bb97364,1.0
N726,恒足堂上,2.0
N727,财神活宝,133.0
N728,无为李爷,131.0
N729,子午侠士,131.0
N730,作家圆圆,146.0
N731,李檬萌-,131.0
N732,孤烟暮蝉,131.0
N733,别梦依稀笑逝川,131.0
N734,帝吧资讯,131.0
N735,朱继东,132.0
N736,中国历史研究院,131.0
N737,金灿荣教授,131.0
N738,占豪,132.0
N739,武力统一,131.0
N740,心来观海007,1.0
N741,木士游,2.0
N742,现代农村人520,2.0
N743,缘来缘去6441766459,2.0
N744,落红春泥123,14.0
N745,道子666,2.0
N746,用户5470337175,2.0
N747,真是啥都不是的自己,1.0
N748,汐-年,1.0
N749,1界面9,1.0
N750,深山劲松199,1.0
N751,西南科大马克思主义学院组织部_,15.0
N752,西南科技大学校团委组_织_部,14.0
N753,西南科技大学理学院团委组织部_,14.0
N754,西南科技大学信控团委组织部_,14.0
N755,西南科技大学法学院团委组织部_,14.0
N756,西南科技大学体育学科部组织部1,14.0
N757,西南科大应技学院组织部_,14.0
N758,筑华而立西南科大土建组织部_,14.0
N759,西南科技大学生命团委组织部_,14.0
N760,西南科技大学外语团委组织部_,14.0
N761,西南科技大学经管团委组织部_,14.0
N762,西南科技大学国防团委组织部_,14.0
N763,西南科技大学文艺团委组织部_,14.0
N764,西南科技大学材料团委组织部_,14.0
N765,西南科技大学计科团委组织部_,15.0
N766,熊猫阿培,4.0
N767,我爱做点心,2.0
N768,如风180715,1.0
N769,闲逸散人MAO,2.0
N770,茶树丁,1.0
N771,上海紫荆竹,1.0
N772,平凡的的活着,2.0
N773,YY北伦,1.0
N774,光伏嗲嗲,1.0
N775,馒头掉了怎么办,3.0
N776,中国青年报,3.0
N777,皇家礼炮878,1.0
N778,寻锋人,1.0
N779,雪狐05103,3.0
N780,萌笑笑不哭,1.0
N781,四川反邪教,1.0
N782,四川监狱,1.0
N783,法治四川,1.0
N784,今天一定要喝水呀,2.0
N785,lucifer眼泪,4.0
N786,宝宝枣尚好,3.0
N787,荣县川大帮,1.0
N788,ChenPsy,5.0
N789,许超医生,5.0
N790,颜文字君,5.0
N791,重工组长于彦舒,5.0
N792,陈生大王,5.0
N793,马伯庸,5.0
N794,刘是成,1.0
N795,中访网财观,1.0
N796,蚌埠平安经开,2.0
N797,禹会正道,2.0
N798,怀远正道,2.0
N799,金色的太阳66,3.0
N800,走走看看的小黄鱼,3.0
N801,从不安于现状,4.0
N802,希希美丽的神话,4.0
N803,o咪朵儿,5.0
N804,时代视频,1.0
N805,冰心雨秋_sean,8.0
N806,叶建勛,1.0
N807,扬子晚报,1.0
N808,到上流击水,1.0
N809,非夷所思,1.0
N810,erer846,1.0
N811,如东政法,1.0
N812,内蒙古反邪教,1.0
N813,江宁小凡,1.0
N814,天工智慧研究院,1.0
N815,馨公益,1.0
N816,公益时报,1.0
N817,无二无别的你我,1.0
N818,重庆检察,1.0
N819,elevenmcx,1.0
N820,中国网直播,1.0
N821,政视频,1.0
N822,不会说话的歌词,1.0
N823,妮焖一盆鱼丸,1.0
N824,风亦化成雪飞,1.0
N825,小逸子233333,1.0
N826,liqj静,1.0
N827,大黑猫聊聊事,2.0
N828,用户旭日初升,2.0
N829,芒果57529,2.0
N830,Amy半糖奶茶,1.0
N831,怒放的生命49309,1.0
N832,茉莉花香1401,2.0
N833,央视财经,107.0
N834,zv_1199911,1.0
N835,ei777w,2.0
N836,宋小样儿,4.0
N837,新华网,23.0
N838,兴化语文网,1.0
N839,遇见小亿_zero,1.0
N840,中华义勇军茉莉,1.0
N841,中华义勇军召集人,2.0
N842,恨水不成冰_,1.0
N843,南京师范大学出版社,1.0
N844,LMM70,2.0
N845,看书随缘咯,2.0
N846,5000年的约定,1.0
N847,不虚此生1977,1.0
N848,兔子-绿,2.0
N849,SiMingJames,1.0
N850,conkeror,2.0
N851,跳动的宇宙弦,1.0
N852,林南州河,1.0
N853,竹石的善良,1.0
N854,宁静致远-刘微芝,2.0
N855,茂林修竹自由自在,9.0
N856,ghost_plus,1.0
N857,尚小尚好,1.0
N858,用户7bfmk2a8yj,5.0
N859,生活与茶品味人生,1.0
N860,xuchong0893_6626,1.0
N861,zhizuchangle2019,1.0
N862,晴朗无月的夜,2.0
N863,國王咖啡13774692175,2.0
N864,洗心68525,1.0
N865,芜湖反邪教,1.0
N866,在正义的路上狂奔,1.0
N867,蚌山正道,2.0
N868,快忘记了的时候,7.0
N869,星星不如你的眼睛亮晶晶,2.0
N870,napolicia,1.0
N871,一剑斩天涯,1.0
N872,纯血汉斯QAQ,2.0
N873,O记IC卡视频,1.0
N874,精致的情绪疯song,1.0
N875,扬眉668,6.0
N876,平民王小石,7.0
N877,求是,13.0
N878,钧正平,6.0
N879,若白既视感,2.0
N880,开心的妈咪yw,2.0
N881,微评论,4.0
N882,胡锡进,25.0
N883,微博时事,2.0
N884,helloijha,1.0
N885,稚嫩艺术家,1.0
N886,hi努力过就好09,5.0
N887,用户7166722877,4.0
N888,皇城根下刀笔吏,4.0
N889,赢销力李卫星,2.0
N890,中国文化产业促进会微博,2.0
N891,用星火,1.0
N892,推石上山198505,1.0
N893,korestar,1.0
N894,UncleHawk,9.0
N895,南方周末,9.0
N896,华商报,9.0
N897,媒体人张晓磊,9.0
N898,青年报,9.0
N899,陕西都市快报,10.0
N900,陕西都市热线,9.0
N901,根正苗红好少年呢,2.0
N902,人民日报评论,14.0
N903,开朗或慢热,1.0
N904,中国龙人世界,1.0
N905,smwuxian,7.0
N906,弍拾柒_,3.0
N907,三阳正道2,4.0
N908,歙县反邪,30.0
N909,国之贼也,5.0
N910,清华美院,8.0
N911,liuyonzhen813941871,1.0
N912,郑渊洁父子的粉丝,1.0
N913,TropicalSunset,1.0
N914,来去之间,1.0
N915,啵啵02509,1.0
N916,海在很远的地方,1.0
N917,龙哥数学之旅,1.0
N918,淮上正道,2.0
N919,墨家巨子令,1.0
N920,就瑶瑶瑶瑶吧,1.0
N921,白玉雪1,1.0
N922,渤海东方钺,1.0
N923,将来与未来,1.0
N924,o橘猫超凶o,1.0
N925,coisini_KTP,1.0
N926,爱吐泡de小猪,1.0
N927,未央肆柒,1.0
N928,曲小江的自律日常,1.0
N929,珍藏你的_悔,5.0
N930,中国日报,8.0
N931,雪落无声_2020,5.0
N932,央视频,5.0
N933,人民教育出版社,34.0
N934,用户7276511896,1.0
N935,小小翟V,2.0
N936,一笑而珉,1.0
N937,无为防范,2.0
N938,-Forgotten---,4.0
N939,李天时,1.0
N940,霸气-LEILEI,1.0
N941,用户qwzuw1lepy,1.0
N942,西安地铁,1.0
N943,青山鸣哨,3.0
N944,哲远优思,2.0
N945,明雁沉同学,1.0
N946,9福平安,1.0
N947,Janedddy,5.0
N948,不念从前不负有心,4.0
N949,巴拉巴拉小魔仙小魔女,1.0
N950,E时代洞察者,2.0
N951,野鹿巴克,1.0
N952,长安岳西温泉,2.0
N953,徐青勇,2.0
N954,微博人文艺术,5.0
N955,微博新星,6.0
N956,把爱情当义气,4.0
N957,猛男编花篮,4.0
N958,伊炜,1.0
N959,gogo唯爱_1987,4.0
N960,无坚不摧快意恩仇,3.0
N961,健康广东,3.0
N962,健康茂名,3.0
N963,今日关注,3.0
N964,爱与恨的狭间,2.0
N965,啊呀吴小小小琼啊,4.0
N966,倾城之秀zxz,4.0
N967,66adgb,6.0
N968,明天出版社,6.0
N969,人民日报海外版-海外网,6.0
N970,灯笼-yu,1.0
N971,FFisme,4.0
N972,军师的微博,30.0
N973,皇皇我大汉巍巍我中华,30.0
N974,深圳雅洁清洁服务公司,2.0
N975,元元又元元,1.0
N976,xwl68_88,1.0
N977,许岭-正道,1.0
N978,认真吾话得,1.0
N979,洋葱onion-forever,1.0
N980,MQL老马儿,1.0
N981,知乎,2.0
N982,挑衅公鸡,16.0
N983,布谷鸟的海角,4.0
N984,阿肥有点肥肥,4.0
N985,四川魏静,4.0
N986,曦家妈妈,4.0
N987,览潮,1.0
N988,通信信息报,1.0
N989,乐桥正道,2.0
N990,第一次嗳的人,12.0
N991,国家发展改革委,12.0
N992,逻辑引擎,1.0
N993,嘿嘿土炮大叔,1.0
N994,携着阳光飞舞,2.0
N995,举头三尺有神明hd,4.0
N996,深圳市地方金融监督管理局,3.0
N997,炸炸54682,1.0
N998,我是小番番,1.0
N999,jodan先生,2.0
N1000,茉梵,1.0
N1001,我是李垚君,1.0
N1002,上辈子没吃够鱼的猫seven,1.0
N1003,8632直爽particular,1.0
N1004,网络小豆豆,2.0
N1005,小哔哩酱,3.0
N1006,洛洛溪流,1.0
N1007,神神神神你大爷,4.0
N1008,重生字幕组,15.0
N1009,Fungi君,17.0
N1010,眉中王,1.0
N1011,随心随性随遇而安200403,7.0
N1012,-D_KinG-,1.0
N1013,铜官防邪,2.0
N1014,杉林蝶影,2.0
N1015,无名之辈phoebe,2.0
N1016,朴素的数据价值观,2.0
N1017,双流综合执法,2.0
N1018,品位锦江,1.0
N1019,CN青青_282,1.0
N1020,舍达夫,1.0
N1021,阿拉金在莫斯科,1.0
N1022,库珀太太,1.0
N1023,风yvv,1.0
N1024,一只小猫成了精,4.0
N1025,梁智杰aJie,1.0
N1026,陳偉璿2014,2.0
N1027,用户5543381835,2.0
N1028,梦醒来后是曙光,1.0
N1029,草野_春燕2022,1.0
N1030,太医院--琴,2.0
N1031,蒙蒙珠哒,3.0
N1032,一条鲤鱼王QAQ,1.0
N1033,姜海武律师,1.0
N1034,西西小鹰,1.0
N1035,洁如空气888,5.0
N1036,四川文旅,16.0
N1037,理塘融媒,5.0
N1038,人民日报人民文旅,5.0
N1039,杜冬LOOK,5.0
N1040,岭卡西,5.0
N1041,Yukis1226,3.0
N1042,海棠溪夜月,6.0
N1043,上善若水水有情,2.0
N1044,亟兮般若,3.0
N1045,郑依心,2.0
N1046,Wsnds654321,1.0
N1047,BJSLM0917,1.0
N1048,美娅妈妈,2.0
N1049,呵呵永隔一江水,1.0
N1050,陆战铁骑,1.0
N1051,景秀卫士,1.0
N1052,用户7459494728,1.0
N1053,刘西贝同学,2.0
N1054,灵璧县渔沟镇委员会-,1.0
N1055,思冉885,2.0
N1056,叫我阿潇,3.0
N1057,Joddina,35.0
N1058,CC-Reallive,33.0
N1059,薇薇安tree,36.0
N1060,小山人,2.0
N1061,派逊校服,1.0
N1062,青冈检察,1.0
N1063,叶子SHJD,1.0
N1064,只为俊而来1129,1.0
N1065,水边的纳西索斯77,1.0
N1066,书童边缘东,6.0
N1067,罗森店员和泉子,6.0
N1068,小姬的无人岛,6.0
N1069,罗森店员姬零鬼,6.0
N1070,兜兜她姐姐,6.0
N1071,怡然阿托品,6.0
N1072,中国妇女报,6.0
N1073,随缘啦005,1.0
N1074,怀宁反邪教,2.0
N1075,蓁蓁GOIGOGO,1.0
N1076,一米阳光666777,1.0
N1077,阳泉日报--阳泉新闻网,1.0
N1078,可靠的泥鳅08376,1.0
N1079,兴兴念念的人儿,2.0
N1080,柳州新闻网,2.0
N1081,林岳芳,2.0
N1082,重庆小面一份要麻不要辣,1.0
N1083,小轩XXXxxx,2.0
N1084,蒲公英的尘土,2.0
N1085,共青团福建省委,2.0
N1086,红歌会网,1.0
N1087,润洲财经,1.0
N1088,经理人杂志,1.0
N1089,裸奔的小杰瑞,2.0
N1090,轩辕是阿飞,1.0
N1091,柚子大侠22,1.0
N1092,小琳子更,2.0
N1093,盼尔惜言,2.0
N1094,中铁山语城,1.0
N1095,CATTI译路通,1.0
N1096,北京周报,1.0
N1097,淮安陶白,2.0
N1098,小虎吉,4.0
N1099,星空伴舞,2.0
N1100,我是海星海星是我,1.0
N1101,川内预备富婆,2.0
N1102,德才兼备朋泽天下,2.0
N1103,某时缘来你也在这里,3.0
N1104,一只芋头仔仔,3.0
N1105,龙鑍曌201808,2.0
N1106,半夏lidiaf,1.0
N1107,伊丝梅兰达Merla,1.0
N1108,heninQ,4.0
N1109,一寻小鱼,1.0
N1110,E南心言,1.0
N1111,任何情况都要尊严的猪,1.0
N1112,袁勇-文心书馆,1.0
N1113,上饶同城会,1.0
N1114,可念不可说的陆同学,1.0
N1115,坐拥花京院右抱东方仗助,3.0
N1116,魔法老太太闪电纫针,5.0
N1117,钰予妤,2.0
N1118,上饶零距离,1.0
N1119,-红尘之莲,2.0
N1120,远望归一,3.0
N1121,源众家庭与社区发展服务中心,4.0
N1122,苏哥大大太棒了,4.0
N1123,不会修电脑的javaer,5.0
N1124,秋叶的信仰,9.0
N1125,九哥爱学习,1.0
N1126,人教版,2.0
N1127,任嘉伦和任国超的妹妹,3.0
N1128,忙着赚钱0000,2.0
N1129,沈阳晚报,1.0
N1130,山村支教亮亮老师,2.0
N1131,思远016,1.0
N1132,DOU,2.0
N1133,我在现场ing,2.0
N1134,微观现场,2.0
N1135,世界观察局,2.0
N1136,梦之苦苦,1.0
N1137,Firetadaye,6.0
N1138,真真的睫毛aaa,11.0
N1139,奥特之坶,11.0
N1140,犹励,1.0
N1141,长安小屋,1.0
N1142,东风劲吹晴空万里,1.0
N1143,石里万乾坤,2.0
N1144,瑾煜之,2.0
N1145,月黑方见渔灯,1.0
N1146,Auuuuuubrey,1.0
N1147,倪卫涛,5.0
N1148,向阳花说过的话,1.0
N1149,字体设计,1.0
N1150,衣伊一123,3.0
N1151,huro159820,1.0
N1152,奥匈帝国太子妃,1.0
N1153,瓯越_咸泪拌饭就是汉家郎,1.0
N1154,白玉鉴心,1.0
N1155,仙人球要平安喜乐呀,2.0
N1156,河塌乡正道,1.0
N1157,涡阳防邪,1.0
N1158,智尊赛鸽传媒,2.0
N1159,中国教育新闻网,11.0
N1160,CCTV焦点访谈,2.0
N1161,留心shuo,1.0
N1162,用户7457678195,1.0
N1163,乐乐宝sunny,2.0
N1164,灼灼其华而不妖,1.0
N1165,别动给你敬个礼,1.0
N1166,奶茶在家,1.0
N1167,大西瓜圆又圆圆圆,1.0
N1168,超可爱的小刺猬丶,5.0
N1169,斗乌鸡,7.0
N1170,静静的等待S915,1.0
N1171,塞外奇侠428,1.0
N1172,到底什么昵称可用755,2.0
N1173,toy深海里的避雷针,1.0
N1174,义安防邪,1.0
N1175,迎江反邪教,1.0
N1176,-林志USC,4.0
N1177,蛋蛋,4.0
N1178,孙66,4.0
N1179,像风一样自由,4.0
N1180,belief,4.0
N1181,帝国的力量主宰虚空,2.0
N1182,杨冷霜吖,2.0
N1183,京西演然,2.0
N1184,秦月汉关1900,2.0
N1185,VI9718,1.0
N1186,云水萧然,4.0
N1187,小草原上滴大狮子,2.0
N1188,真理阳光VVV,4.0
N1189,毛毛虫总队长,2.0
N1190,辛宪英亲卫队,4.0
N1191,黟县宣传之6,1.0
N1192,Monster32w,1.0
N1193,KBWine,1.0
N1194,Xiaozu传,2.0
N1195,绥化检察,1.0
N1196,赤瓜大侠,9.0
N1197,918小仙儿,9.0
N1198,杭州信访,9.0
N1199,杭州交通918,9.0
N1200,虎哥说车,9.0
N1201,小学姐V,9.0
N1202,交通918小婷,9.0
N1203,一只小麦桑,9.0
N1204,最爱阳光明媚的五月,1.0
N1205,卖火柴的小喵星的,2.0
N1206,天津出版传媒集团,4.0
N1207,今晚报,4.0
N1208,天津日报,4.0
N1209,中国新闻出版报读周刊,4.0
N1210,语者之锋,3.0
N1211,火炬豌豆射手,2.0
N1212,霓浅的知白,1.0
N1213,曹永泉SEM,12.0
N1214,司马3忌,5.0
N1215,休宁反邪教,1.0
N1216,阳阳小波波,2.0
N1217,yili1020,4.0
N1218,试图逃离-,4.0
N1219,才醒的春哥哥er,4.0
N1220,黑狸硕鼠饲养员,2.0
N1221,陕西人民教育出版社上品图书,4.0
N1222,CT-DIAN婷婷,4.0
N1223,茫茫on_the_way,4.0
N1224,有一个地方我在心里给它划圈圈,3.0
N1225,明哲不能保身,1.0
N1226,蜜雪小棉袄,1.0
N1227,任晋逍遥,2.0
N1228,谢耳朵家里的费曼·马克吐温斯基,1.0
N1229,茜心倩影50493,1.0
N1230,因为有Arthit,1.0
N1231,Bassusuki,2.0
N1232,鹧鸪天-冷月无双,3.0
N1233,雁门情深,1.0
N1234,小兔子哄不好了,1.0
N1235,厦禾路股添乐,6.0
N1236,女王Lu粑粑,1.0
N1237,人教出版社,3.0
N1238,苍龙飞天79,2.0
N1239,红尘之莲,1.0
N1240,龟兹仙子,1.0
N1241,天外微尘,2.0
N1242,岳西反邪教,1.0
N1243,大狍爱生活,1.0
N1244,洪兵只有一招,1.0
N1245,网易新闻,2.0
N1246,小清新Royal789,1.0
N1247,性少数走饭,17.0
N1248,_瓶子是我,1.0
N1249,庐阳正道,2.0
N1250,520彤妈妈,2.0
N1251,宇鹲,1.0
N1252,A生存以上生活以下,4.0
N1253,超级大大博,7.0
N1254,赤影兔,7.0
N1255,芜湖市大桥正道,1.0
N1256,万山正道,2.0
N1257,靜塵湯社,3.0
N1258,蜀山清韵,1.0
N1259,瓦瓦的手工时间,2.0
N1260,千语宝贝妞,2.0
N1261,速果小姐姐,2.0
N1262,柯蕾doll奇幻森林,1.0
N1263,还是不要纠结名字了,1.0
N1264,平湖先生,4.0
N1265,花荣,4.0
N1266,魏晓军,4.0
N1267,勤奋哥,7.0
N1268,宣城反邪教,1.0
N1269,小鹅教育,1.0
N1270,长安青天,1.0
N1271,小朋友算爱情了95,16.0
N1272,网信南开,1.0
N1273,阿橘橘路,1.0
N1274,盘州头条排行榜-,1.0
N1275,安庆反邪教,1.0
N1276,多彩贵州网,1.0
N1277,含山正道,1.0
N1278,凡子沫,6.0
N1279,蓝天静湖,2.0
N1280,一笑倾城花似纷飞,2.0
N1281,用户瓦尔特,1.0
N1282,暗恋谭庆,1.0
N1283,看柳成荫,5.0
N1284,余杭检察,1.0
N1285,面朝大海春暖花开0121,2.0
N1286,百晓妙妹,1.0
N1287,王亚楠03516,1.0
N1288,百姓关注,3.0
N1289,歸朴0279,2.0
N1290,粗眉辣条君,1.0
N1291,洛水神殇,1.0
N1292,一小块方糖T,1.0
N1293,唐唐唐家堡,2.0
N1294,李小安0626,1.0
N1295,GSJessie2012,1.0
N1296,学无止境LXR,1.0
N1297,众兴正道,1.0
N1298,太湖反邪教,2.0
N1299,丿橘汁,1.0
N1300,thinker,1.0
N1301,siyuyo,2.0
N1302,北京飞机侠8341,2.0
N1303,平安法治新站,1.0
N1304,徒手逍遥k,1.0
N1305,红桥检察,1.0
N1306,西燕归翔,3.0
N1307,抖音热点宝,3.0
N1308,抖音教育站,3.0
N1309,长安响肠,2.0
N1310,凤台公安在线,2.0
N1311,子发丿88,2.0
N1312,祁门反邪,1.0
N1313,UFO水人家,3.0
N1314,西甜瓜之乡美丽程庄,1.0
N1315,女生脚控,1.0
N1316,赤壁检察,1.0
N1317,徽州政法,1.0
N1318,恶魔在身边Vicky,1.0
N1319,小伯乐咨询创业服务,1.0
N1320,love笑猫2013,1.0
N1321,蓝蓝多做事少说话,2.0
N1322,AC蓦然回首,1.0
N1323,腾讯视频,1.0
N1324,乌鱼说,1.0
N1325,乌合麒麟而是乌合之众,1.0
N1326,孙仲来,1.0
N1327,北京大学,1.0
N1328,铜陵反邪教,1.0
N1329,水亦是醒着的冰,1.0
N1330,Frank-Tu,1.0
N1331,砀山防范办,1.0
N1332,花间酒Q,1.0
N1333,醄兑,1.0
N1334,四月那只猫,10.0
N1335,魏魏在成都,2.0
N1336,周口晚报zkwb,1.0
N1337,米米叨叨,1.0
N1338,cy粉风信子,4.0
N1339,网信濮阳,1.0
N1340,水瓶座啊我,1.0
N1341,琦煜炀,1.0
N1342,商务印书馆,2.0
N1343,潘尼胖妮,2.0
N1344,可爱艾多,6.0
N1345,作家曹文轩,4.0
N1346,宿州正道,1.0
N1347,生活获得感2022z,1.0
N1348,上帝是公义的2015,2.0
N1349,宁夏日报,1.0
N1350,蜉蝣向道,1.0
N1351,中年股惑仔,2.0
N1352,bearmomop,2.0
N1353,我是开心22,1.0
N1354,sudun_03,1.0
N1355,有缘没份吗,1.0
N1356,筱原_Lance,2.0
N1357,雨中肖邦小狗,2.0
N1358,基督山柏爵再回归,2.0
N1359,Dr_Xianyu,4.0
N1360,小幸福DL,1.0
N1361,lasangelosvegas,15.0
N1362,古冶检察,1.0
N1363,carolynwon,1.0
N1364,xiaoli梨梨梨梨,1.0
N1365,天秤座会飞的小象,1.0
N1366,vivo音乐http,1.0
N1367,严景辉严,1.0
N1368,玛奇朵_丫丫,1.0
N1369,山乡小马,2.0
N1370,变得是我的脑子,1.0
N1371,白发魔女清风无尘,1.0
N1372,周信2258-zzs,1.0
N1373,正义大枇杷,3.0
N1374,鬼谷下山-,2.0
N1375,用户5856019736,2.0
N1376,茶青山深泉,1.0
N1377,请追责人民教育出版社,3.0
N1378,我总以为那是真的,1.0
N1379,刘世妹--Autism,1.0
N1380,信鲤个GUI,1.0
N1381,lemon_2018_,1.0
N1382,千岭乡正道,1.0
N1383,老苦瓜300,1.0
N1384,口木心明一呆子,1.0
N1385,阿波罗福,2.0
N1386,蔡小心,2.0
N1387,青鸣Mac,1.0
N1388,怀孕妈妈的知识宝典,1.0
N1389,木子杨乔,4.0
N1390,dickhuge,3.0
N1391,WiHill,3.0
N1392,Crystal岩,1.0
N1393,用户6161742134,1.0
N1394,小熊也吃饼干吗,3.0
N1395,李耀武微播,1.0
N1396,天眼查,1.0
N1397,柏青笑笑,3.0
N1398,于象,2.0
N1399,广西师大出版社,2.0
N1400,没有如果_200504,1.0
N1401,真知棒蘸咖啡不瞌睡,1.0
N1402,暴躁灰豆绿,1.0
N1403,广岛Alvin,1.0
N1404,nana鬼,3.0
N1405,我感觉到了热,1.0
N1406,斯外企鹅,3.0
N1407,长风绕旗L,4.0
N1408,星河流转WS,1.0
N1409,呀呀呀哇哈哈m,7.0
N1410,国家人文历史,7.0
N1411,国安新闻,7.0
N1412,用户6815733772,1.0
N1413,从脚下到远方,2.0
N1414,笑看风云V4,3.0
N1415,哈书客,2.0
N1416,勤奋的胖胖,8.0
N1417,无所谓ya丶,1.0
N1418,小杨很热2,2.0
N1419,桥头人要不要加V,2.0
N1420,loli小草莓,3.0
N1421,青春永远闪耀,3.0
N1422,火星人澎湃,1.0
N1423,熊猫家的小熊熊,1.0
N1424,SFXL998,1.0
N1425,听雨无眠9410,1.0
N1426,佳薇Vivi2021,2.0
N1427,渔夫遇海,1.0
N1428,多大努力撑死多大梦想,5.0
N1429,我是用户风,5.0
N1430,borntobeawesomej,5.0
N1431,Theone02519,1.0
N1432,热爱生活追求理想,1.0
N1433,兴欣向荣在路上,2.0
N1434,乔丹116的微博号,1.0
N1435,老菁稳的,2.0
N1436,吉祥微胖,1.0
N1437,斐斐无声处,1.0
N1438,采榴莲的可乐呀,1.0
N1439,长宁呀,1.0
N1440,君行健222,2.0
N1441,风城少侠,3.0
N1442,Leikur,1.0
N1443,兔夫人的沙龙,1.0
N1444,粉丝头条官方微博,1.0
N1445,JM児,1.0
N1446,席麻麻T,1.0
N1447,joanbrin,5.0
N1448,音符伙伴,3.0
N1449,光明日报,11.0
N1450,孙胖胖别喝可乐了,1.0
N1451,情愫糖果超甜,1.0
N1452,袁帅俱乐部,1.0
N1453,Echo-咩,2.0
N1454,火火bot,1.0
N1455,陈英201912,1.0
N1456,980234微笑说,1.0
N1457,本来爱笑yuer,1.0
N1458,若西Z,5.0
N1459,山路十八弯_水路九连环,1.0
N1460,清荷雨木,1.0
N1461,有爱的小笼包,1.0
N1462,天水城事,1.0
N1463,O0哦Sweet小米,1.0
N1464,我是我喜欢吃,2.0
N1465,画画的玛卡巴卡哇,1.0
N1466,月半寻音,1.0
N1467,原上駒2014,1.0
N1468,水儿92799,1.0
N1469,可信农夫,1.0
N1470,登尼特集团曹小姐,1.0
N1471,吉林乌拉圈,1.0
N1472,手中的铅笔来来回回,1.0
N1473,呆呆傻傻笨笨乖乖,3.0
N1474,柳宫武,2.0
N1475,小朱家的Pepsi,2.0
N1476,你个呆子就知道吃,1.0
N1477,长江日报,3.0
N1478,架火6313748806,1.0
N1479,界面新闻,1.0
N1480,杨林柯,1.0
N1481,陆锡鑫,2.0
N1482,长老-孙,6.0
N1483,育苑春泥,4.0
N1484,文明三门峡市第三中学,3.0
N1485,博望正道,1.0
N1486,天地玄主,5.0
N1487,文明三门峡市第三中学小学数学教材插图被吐槽,1.0
N1488,平地起惊雷_叩指问长生,1.0
N1489,酋长的部落格,1.0
N1490,望舒9264748,1.0
N1491,她的初吻又没了,3.0
N1492,如皋老猫,3.0
N1493,寰球镜头,3.0
N1494,无心简影,3.0
N1495,胤胤-偏安,2.0
N1496,LowMistfades,2.0
N1497,惟鄭有蘭,8.0
N1498,何光伟v,2.0
N1499,风中白菜,2.0
N1500,风雨真我,1.0
N1501,怀念老前辈,1.0
N1502,穿过百年时空再相逢,1.0
N1503,林蓝灵猫,1.0
N1504,我是临渊羡鱼,1.0
N1505,坏uranus,3.0
N1506,黛黛puppy,2.0
N1507,许柒日常睡不醒,11.0
N1508,穆瓦利德,1.0
N1509,yyds正在加载中,5.0
N1510,伍乐以,2.0
N1511,百花洲文艺出版社,1.0
N1512,黯羽陨殁_ll,1.0
N1513,云鲤Iris,1.0
N1514,孙韬18651095960,2.0
N1515,优酷,4.0
N1516,湛潇道,1.0
N1517,酱紫美好,1.0
N1518,辽视说天下,1.0
N1519,nokelee_881,1.0
N1520,四川云联惠装饰有限公司5,1.0
N1521,奇趣闻知,2.0
N1522,恐龙解解,1.0
N1523,故唐儒林郎,1.0
N1524,郑云汐Alice,2.0
N1525,带带大老师,2.0
N1526,83懒癌晚期已弃疗,1.0
N1527,海燕酱旗舰号,1.0
N1528,安岳检察,1.0
N1529,济南时报,2.0
N1530,欧阳宇航1999,1.0
N1531,常德中院,1.0
N1532,幸运-薄荷糖,1.0
N1533,软糖玛奇朵,4.0
N1534,湘微笑8,7.0
N1535,奋发躺着88,7.0
N1536,小珠山贼,7.0
N1537,中国关工委教育发展中心,7.0
N1538,186-5109-5960,2.0
N1539,山海是客,1.0
N1540,追梦巡心,1.0
N1541,突破那一天,1.0
N1542,阿芙的号声,1.0
N1543,漠漠烟雨云,1.0
N1544,武山融媒,1.0
N1545,沉默的分母,1.0
N1546,gracenuo777,1.0
N1547,catherinekaa,1.0
N1548,空谷幽兰qvq,1.0
N1549,林言立语,1.0
N1550,大兰州,1.0
N1551,2233深秋,1.0
N1552,绵羊毛贩卖机,1.0
N1553,Lee_Duu,1.0
N1554,枫晚如意,2.0
N1555,兰州微播,1.0
N1556,安之若素12166,1.0
N1557,我的小美羊羊,1.0
N1558,大方园啊,4.0
N1559,月色惊芜,1.0
N1560,Saisai不2,1.0
N1561,斯派罗尹,6.0
N1562,今天也不回到过去,1.0
N1563,数学汤家凤,1.0
N1564,菲雪艳阳天,3.0
N1565,穿越千里只为遇到你,1.0
N1566,夜半星空6026597801,1.0
N1567,新叶天天长老--李日新,1.0
N1568,拥抱太阳的Carnation,1.0
N1569,兰州日报,1.0
N1570,独行一人不悔心,1.0
N1571,中国教育,1.0
N1572,晚间茶壶,1.0
N1573,Charles努力内外兼修ing,1.0
N1574,强华1,1.0
N1575,山清水秀的地步,1.0
N1576,会飞的万朋,1.0
N1577,荣荣囡儿,1.0
N1578,---嫱颜幻笑_了,2.0
N1579,山村支教雷老师,2.0
N1580,绿音雨润,1.0
N1581,贞明者82475,1.0
N1582,百年神虫,1.0
N1583,洒脱zz21,1.0
N1584,大同周易网,2.0
N1585,P星辰X,4.0
N1586,广东小师姐,1.0
N1587,搜狐千里眼,2.0
N1588,江门吃喝玩乐蒲,1.0
N1589,_Jing菁菁,1.0
N1590,爱种菜的土琵琶,1.0
N1591,盛轩崇雅,1.0
N1592,佳士得国际,1.0
N1593,梦雨20080411,1.0
N1594,天气先生看天气,1.0
N1595,时事汇总,2.0
N1596,金晨永远的女神,2.0
N1597,敦煌郡公,2.0
N1598,三思柯南,2.0
N1599,Terminator_CQ,1.0
N1600,小懒猪儿不爱读书,3.0
N1601,入夜星辰L,8.0
N1602,v偷了一只猪,3.0
N1603,看那片干净的蓝天,2.0
N1604,黑风寨小妖,1.0
N1605,苏佩佩,1.0
N1606,仙与_99928,2.0
N1607,长春饭店小奶油,2.0
N1608,韩子291314,2.0
N1609,长春西门大官人,2.0
N1610,野草水晶,1.0
N1611,人教,1.0
N1612,用户6160646850,1.0
N1613,谁是路人丙,4.0
N1614,热的打挑卡,3.0
N1615,努力学习的陈小鱼,1.0
N1616,小王子和他的星球杯,1.0
N1617,扎西德勒·天珠收藏,1.0
N1618,qingfengxuxu2013,7.0
N1619,橘子与二荆条,7.0
N1620,中国旅游出版社,7.0
N1621,村镇银行还我钱,1.0
N1622,微微贝加尔湖畔,1.0
N1623,分外桃花,5.0
N1624,生态墩集,2.0
N1625,诸华后卫,1.0
N1626,平安北京,1.0
N1627,菩提老妖-,1.0
N1628,SexyChameleon,3.0
N1629,字母歌格,2.0
N1630,Bin彬車,1.0
N1631,周思CIO,1.0
N1632,Shi_Dc,1.0
N1633,不永久换一个2020,1.0
N1634,宝宝家里的好麻麻,4.0
N1635,CCTV今日说法,4.0
N1636,云海茫茫198908,1.0
N1637,陇南武都发布,3.0
N1638,熊丙奇,3.0
N1639,教作文的马老师,3.0
N1640,学霸课长,3.0
N1641,豚豚珺,1.0
N1642,2022年的阿超,1.0
N1643,南京财经大学包庇用九一八侮辱同胞的叫兽冯继海,1.0
N1644,长安蝎哥,1.0
N1645,谁的错66201,1.0
N1646,Elf_宋憨憨,2.0
N1647,温州都市报,1.0
N1648,藍色不死鳥M,2.0
N1649,我想喝碗粥v,1.0
N1650,血_荐轩辕,1.0
N1651,Shero阿曼达,1.0
N1652,永远的茜茜公主,1.0
N1653,正义战胜邪恶81,1.0
N1654,聚上饶,1.0
N1655,全息养生我最爱,5.0
N1656,马上谈,5.0
N1657,成都市新都区升庵中学官微,1.0
N1658,一只睡着的龙猫,1.0
N1659,谁舞动了我的心,1.0
N1660,随一吧,1.0
N1661,祉璇-,1.0
N1662,卢诗翰,2.0
N1663,我是爱吃瓜的鱼,3.0
N1664,漪柒玖,1.0
N1665,提线总桶,1.0
N1666,你说的对呀7032,1.0
N1667,戎耀青春,1.0
N1668,坦荡的山雀,1.0
N1669,陇南徽县信访,1.0
N1670,心灵深处养生2,1.0
N1671,吴龙飞5750154663,1.0
N1672,坚决捍卫伟大领袖,1.0
N1673,筋斗云朋友,1.0
N1674,肚大乃容,1.0
N1675,小小马841,4.0
N1676,太君日报,4.0
N1677,太君教育出版社微博,4.0
N1678,竹影馨兰,7.0
N1679,央视国家记忆,7.0
N1680,点时新闻,7.0
N1681,林北最机智,1.0
N1682,给自己起个名字55,2.0
N1683,夏天的向日葵哈,1.0
N1684,西昌发布V,1.0
N1685,网络传播研究,1.0
N1686,IT之家,1.0
N1687,唯两人耳,1.0
N1688,新浪,1.0
N1689,云之vaca,1.0
N1690,一环路莫奈,1.0
N1691,宅宅-更-健康,4.0
N1692,Dx3906的星星x,11.0
N1693,菜花瘦肉粥,11.0
N1694,于雅致的微博,11.0
N1695,billio,2.0
N1696,禾尤山月马,1.0
N1697,依米阳光1212,1.0
N1698,教作文的小老师,1.0
N1699,风中的蓝絮,2.0
N1700,咸蛋黄捕手syeaneko,1.0
N1701,春春2120112284,1.0
N1702,王无翳2021,1.0
N1703,山崎炭人,3.0
N1704,拈花三藏,2.0
N1705,大大猫座,3.0
N1706,一块快活的虎皮蛋糕,1.0
N1707,山地泉,2.0
N1708,大公文匯網,1.0
N1709,赵雨轩,1.0
N1710,liu45001小海哥,1.0
N1711,国家安全监管总局,1.0
N1712,白t消失魔法,2.0
N1713,失控的疯子呐,1.0
N1714,水和玉米面,1.0
N1715,彭州综合行政执法,1.0
N1716,臂力不足请充值,5.0
N1717,叮咚_叮叮,9.0
N1718,爱吃西瓜的大琳,13.0
N1719,人教版义务教育教科书,13.0
N1720,云胡不喜ab,1.0
N1721,白桦林716,1.0
N1722,新疆检察,1.0
N1723,瞭望东方周刊,1.0
N1724,猛虎面前无沟壑,2.0
N1725,全民gossip,2.0
N1726,xiaoqiao__娜片星覀空lynn,1.0
N1727,北京寒士,1.0
N1728,想喝奶茶吃冰激凌,2.0
N1729,陇南网信,1.0
N1730,我家那只喵啊,2.0
N1731,曾鹏宇,3.0
N1732,老河北,1.0
N1733,湖南人文科技学院法学院学生会,1.0
N1734,湖南人文科技学院团委官微,1.0
N1735,jessie静如止水,3.0
N1736,蓝海里的风,8.0
N1737,_左撇子,1.0
N1738,开封环境,1.0
N1739,玺气烊烊xqyy,2.0
N1740,请叫我-陈美丽,1.0
N1741,陌墨陌陌mo,1.0
N1742,星愿Tina,4.0
N1743,是橡皮泥啊,1.0
N1744,英汉同传张伟-同传通天教主,1.0
N1745,风舞知声,1.0
N1746,课程表阿建,1.0
N1747,中国好网民,1.0
N1748,真尼玛脑壳疼,1.0
N1749,zdl1523,5.0
N1750,Legolasome,10.0
N1751,花泽美美,15.0
N1752,打奥特曼de小怪兽,15.0
N1753,途船行湖上,15.0
N1754,Creamy蕉,15.0
N1755,二欺拾逝,1.0
N1756,山河晚晚露暮白,1.0
N1757,沧海明月3456,1.0
N1758,玦宸沐,1.0
N1759,阳光下的泡沫1110,1.0
N1760,OHANA-o-,1.0
N1761,玄蓝炎紫,4.0
N1762,我就是默默阿,5.0
N1763,渊之龙女,1.0
N1764,双门洞成秀妍,1.0
N1765,聚蓄百草,1.0
N1766,坚持初心666,2.0
N1767,华北水利水电大学,1.0
N1768,WYBYMYJYSY,5.0
N1769,赵脱俗,5.0
N1770,木马设计北京,2.0
N1771,微博美学,2.0
N1772,初一boy,5.0
N1773,新华字典,5.0
N1774,Launchedoing,1.0
N1775,343的天下,1.0
N1776,哈哈呵哈哈201510,5.0
N1777,山东情未了,1.0
N1778,啬啬一笑,4.0
N1779,何新老家伙,4.0
N1780,美东侨报,1.0
N1781,法师真难,1.0
N1782,渺小的求知,2.0
N1783,拿什么拯救你我的黑眼圈,1.0
N1784,渭水可听风,3.0
N1785,桥头集镇政法委,1.0
N1786,落入我梦境_,1.0
N1787,海月kaigetu,1.0
N1788,执政威廉,1.0
N1789,美国被德国打,1.0
N1790,商城县实验小学,1.0
N1791,宁城大胖子,1.0
N1792,芒果很茫T,1.0
N1793,倒拔垂杨柳的杨玉环,1.0
N1794,向死而生soso,1.0
N1795,小马佩德罗不是马,10.0
N1796,北京市教委,9.0
N1797,北京市第一中级人民法院,9.0
N1798,90伟,2.0
N1799,唐卡哇伊,1.0
N1800,vvv在线,1.0
N1801,种花家一份子,5.0
N1802,奋力挥着鸡翅膀的女孩,1.0
N1803,liimcc,1.0
N1804,木子西暖暖,1.0
N1805,盈妹Lily,3.0
N1806,努力一年的胖子,3.0
N1807,乔震南,7.0
N1808,解放军报,7.0
N1809,dayuruizhi,1.0
N1810,河南许昌农商行还我存款,1.0
N1811,叶叶酱不说话,2.0
N1812,绘理偏执孩子气,3.0
N1813,杨小木被注册了,3.0
N1814,GZTV百姓生活,1.0
N1815,玫瑰或雏菊,1.0
N1816,噗呲咚咚,1.0
N1817,闽G吴先生,1.0
N1818,林以梦为马,1.0
N1819,摘日者,1.0
N1820,雨后的天晴l,1.0
N1821,柒瓶可乐QAQ,1.0
N1822,轻絮无影2008,1.0
N1823,叁口三三,1.0
N1824,青春有你5_碳弹核子,1.0
N1825,如风如涂91196,1.0
N1826,···墁·的·白·菜,2.0
N1827,福尔摩斯的八音盒,2.0
N1828,陕视生活,1.0
N1829,辰林嘉樹,1.0
N1830,虎振刚,1.0
N1831,温柔提督,2.0
N1832,橙汁儿陈,4.0
N1833,我是京京读书,1.0
N1834,勇创天涯路,1.0
N1835,蔡响贤我的爱,1.0
N1836,CCD资本猎人,3.0
N1837,雾锁连江映重楼,1.0
N1838,我计几,1.0
N1839,被夹的每一天,2.0
N1840,现实中的蜗牛,4.0
N1841,晓米的淘淘98,5.0
N1842,梦想家一号花匠,1.0
N1843,还俗真好,1.0
N1844,雨城警方,1.0
N1845,BTV品质生活,1.0
N1846,中国妇女,1.0
N1847,Tina的夏天灿若星河,4.0
N1848,m甜宝,1.0
N1849,向光生长yes,1.0
N1850,湖北工程学院新技术学院,1.0
N1851,HERMES的小窝,1.0
N1852,犇牛的天空,1.0
N1853,攒钱换个老公,2.0
N1854,ForeverAdmireTing,2.0
N1855,学习粉丝团,2.0
N1856,卜前前20170,1.0
N1857,红塔区发布,1.0
N1858,张捷观察,1.0
N1859,陈俊杰眼视光老师,1.0
